IMAGE DERIVED DENSITY,"BEST CALIPER,AVERAGE DIAMETER",IMAGE DERIVED PHOTOELECTRIC FACTOR,BEST THERMAL POROSITY,RESISTIVITY OF WATER FILLED FORMATION,RELATIVE PERMEABILITY TO HYDROCARBON,RELATIVE PERMEABILITY TO WATER,WATER CUT,MATRIX BULK DENSITY FROM ELEMENTAL CONCENTRATIONS, , .1,TOTAL POROSITY
2.4498,8.5949,5.3649,0.158,1.9388,0.0,1.0,1.0,0,,,0.1579
2.5231,8.536,4.5333,0.1171,4.0063,0.0,1.0,1.0,0,,,0.0979
2.4674,8.5596,4.6986,0.1581,2.2814,0.0,1.0,1.0,0,,,0.1354
2.5298,8.5589,4.5436,0.1163,4.1741,0.0,1.0,1.0,0,,,0.0962
2.541,8.5252,5.4351,0.1071,4.0741,0.0171,0.2844,0.9973,0,,,0.1036
2.6109,8.5383,5.1443,0.0634,9.6042,0.0,1.0,1.0,0,,,0.062
2.5374,8.5662,5.4574,0.1149,3.5163,0.0036,0.5293,0.9997,0,,,0.1085
2.6005,8.4903,5.1068,0.0723,10.2001,0.0,1.0,1.0,0,,,0.0606
2.6122,8.5163,5.3221,0.0586,10.9318,0.0,1.0,1.0,0,,,0.0573
2.4844,10.3003,10.0257,0.1883,2.9162,0.0,1.0,1.0,0,,,0.1485
2.4841,8.5239,5.1917,0.1391,2.6094,0.0,1.0,1.0,0,,,0.128
2.6031,8.5363,5.1385,0.0847,9.8722,0.0,1.0,1.0,0,,,0.0604
2.5635,8.53,5.0646,0.0826,5.3796,0.0,1.0,1.0,0,,,0.086
2.5172,8.5436,4.9537,0.1277,3.4281,0.0,1.0,1.0,0,,,0.1074
2.5733,8.5376,5.2994,0.085,5.7993,0.0,1.0,1.0,0,,,0.082
2.6013,8.5082,5.4606,0.0658,9.2455,0.0,1.0,1.0,0,,,0.0634
2.5066,8.5058,5.1867,0.1364,2.887,0.0,1.0,1.0,0,,,0.1239
2.6035,8.521,5.5162,0.079,8.7708,0.0,1.0,1.0,0,,,0.0651
2.5862,8.5393,5.2665,0.0716,8.1961,0.0,1.0,1.0,0,,,0.0677
2.6015,8.5198,5.1468,0.0739,9.4732,0.0,1.0,1.0,0,,,0.0621
2.5665,8.5447,5.4114,0.095,5.6323,0.0,1.0,1.0,0,,,0.0844
2.5427,8.5266,5.224,0.1325,4.5262,0.0,1.0,1.0,0,,,0.0938
2.4782,8.57,4.7894,0.1484,2.2168,0.0,1.0,1.0,0,,,0.1394
2.5021,8.5106,4.7933,0.1311,2.86,0.0,1.0,1.0,0,,,0.1205
2.4789,8.54,5.3261,0.1546,2.3162,0.0,1.0,1.0,0,,,0.1363
2.596,8.528,5.2556,0.0624,9.4887,0.0,1.0,1.0,0,,,0.0637
2.5622,8.5222,5.2372,0.084,5.6884,0.0,1.0,1.0,0,,,0.0838
2.5253,8.5517,4.8718,0.1325,3.3624,0.0,1.0,1.0,0,,,0.1136
2.5821,8.5348,5.3543,0.0874,7.4915,0.0,1.0,1.0,0,,,0.0726
2.5758,8.5409,5.2543,0.0869,5.849,0.0,1.0,1.0,0,,,0.0826
2.5204,8.5324,5.0693,0.1383,3.051,0.0,1.0,1.0,0,,,0.1204
2.5997,8.5242,5.1784,0.0759,8.0883,0.0,1.0,1.0,0,,,0.0686
2.4904,8.5318,5.3371,0.1408,2.6452,0.0,1.0,1.0,0,,,0.1252
2.59,8.5114,5.262,0.0737,9.0184,0.0,1.0,1.0,0,,,0.0649
2.4876,8.4904,4.6576,0.1409,2.5951,0.0,0.9609,1.0,0,,,0.1348
2.5276,8.5813,4.9907,0.1349,3.685,0.0,1.0,1.0,0,,,0.1053
2.6046,8.5145,5.0463,0.0726,8.3349,0.0,1.0,1.0,0,,,0.0672
2.5428,8.5188,4.8992,0.1265,3.883,0.0,1.0,1.0,0,,,0.1021
2.6114,8.496,5.085,0.0655,12.9263,0.0,1.0,1.0,0,,,0.0525
2.5325,8.5438,4.9491,0.132,3.5618,0.0,1.0,1.0,0,,,0.108
2.5004,10.1927,8.0026,0.1792,3.9241,0.0,1.0,1.0,0,,,0.1295
2.4993,8.6582,5.3001,0.1404,2.7232,0.0,1.0,1.0,0,,,0.1309
2.5976,8.5125,5.1341,0.068,8.1499,0.0,1.0,1.0,0,,,0.0676
2.582,8.5156,4.9158,0.0886,6.6266,0.0,1.0,1.0,0,,,0.08
2.5516,8.5083,5.1936,0.1036,4.3972,0.0,1.0,1.0,0,,,0.0981
2.5721,8.5065,4.9028,0.0893,5.2894,0.0,1.0,1.0,0,,,0.085
2.5965,8.499,5.0793,0.0723,8.4267,0.0,1.0,1.0,0,,,0.0673
2.5686,8.5198,5.4147,0.0783,6.1101,0.0,1.0,1.0,0,,,0.0796
2.5233,8.5265,4.9734,0.1168,3.7498,0.0,1.0,1.0,0,,,0.1073
2.5921,8.5411,5.2746,0.0733,8.8598,0.0,1.0,1.0,0,,,0.0648
2.4651,8.5099,4.7276,0.1682,2.2901,0.0,1.0,1.0,0,,,0.1407
2.6073,8.464,5.2463,0.0655,9.9186,0.0,1.0,1.0,0,,,0.062
2.5044,8.5275,5.0918,0.1217,2.9369,0.0,1.0,1.0,0,,,0.1192
2.5658,8.4998,5.1508,0.0823,5.8499,0.0,1.0,1.0,0,,,0.0836
2.607,8.5224,5.2253,0.0741,9.7949,0.0,1.0,1.0,0,,,0.0614
2.5983,8.5047,5.2669,0.0664,8.7046,0.0,1.0,1.0,0,,,0.0657
2.5886,8.4966,5.3482,0.0772,7.0045,0.0,1.0,1.0,0,,,0.0744
2.5344,8.5297,5.2432,0.1104,4.1928,0.0,1.0,1.0,0,,,0.0977
2.471,8.5063,4.7792,0.1542,2.3485,0.0,1.0,1.0,0,,,0.1326
2.4917,8.5476,4.8504,0.1491,2.7281,0.0,1.0,1.0,0,,,0.1223
2.4633,8.5366,4.9887,0.1605,2.0792,0.0,1.0,1.0,0,,,0.1518
2.602,8.516,5.2307,0.0673,9.4394,0.0,1.0,1.0,0,,,0.0628
2.5869,8.488,5.0969,0.0769,7.4451,0.0,1.0,1.0,0,,,0.0723
2.4275,8.4951,4.9595,0.1571,2.1829,0.0,1.0,1.0,0,,,0.1637
2.5737,8.5504,5.4473,0.0778,6.3499,0.0,1.0,1.0,0,,,0.0779
2.5661,8.5076,4.7785,0.0939,5.5369,0.0,1.0,1.0,0,,,0.0835
2.5603,8.5047,4.6837,0.0984,6.5068,0.0,1.0,1.0,0,,,0.0753
2.6136,8.505,5.222,0.0577,11.6138,0.0,1.0,1.0,0,,,0.0557
2.5879,8.4958,5.0862,0.0679,8.2293,0.0,1.0,1.0,0,,,0.0689
2.4849,8.9678,6.6296,0.1672,3.2924,0.0,1.0,1.0,0,,,0.1386
2.5087,8.5359,5.222,0.1434,3.3649,0.0,1.0,1.0,0,,,0.1125
2.5069,8.8584,6.8079,0.1386,4.2245,0.0,1.0,1.0,0,,,0.1214
2.5625,8.5311,5.1293,0.112,4.7151,0.0,1.0,1.0,0,,,0.0971
2.5014,8.736,6.9528,0.1317,4.0094,0.0,1.0,1.0,0,,,0.1265
2.4428,8.5653,5.2351,0.1637,1.8557,0.0,1.0,1.0,0,,,0.1598
2.6064,8.4944,5.2192,0.0575,11.0312,0.0,1.0,1.0,0,,,0.0581
2.5178,8.5193,5.0915,0.1376,3.0929,0.0,1.0,1.0,0,,,0.1233
2.5873,8.5221,5.0719,0.0971,8.8593,0.0,1.0,1.0,0,,,0.0647
2.5424,8.5263,4.834,0.1251,3.4932,0.0,1.0,1.0,0,,,0.1111
2.5898,8.5371,5.3521,0.0826,6.5977,0.0,1.0,1.0,0,,,0.0769
2.6212,8.5104,5.374,0.0564,12.2584,0.0,1.0,1.0,0,,,0.0537
2.5891,8.5195,5.2526,0.0737,7.8144,0.0,1.0,1.0,0,,,0.0703
2.5929,8.5186,5.4413,0.0669,8.5898,0.0,1.0,1.0,0,,,0.0662
2.6073,8.5084,5.1223,0.0581,10.5737,0.0,1.0,1.0,0,,,0.0589
2.6111,8.5305,5.2242,0.0664,9.9534,0.0,1.0,1.0,0,,,0.0606
2.5931,8.5258,5.2619,0.0766,8.7296,0.0,1.0,1.0,0,,,0.0643
2.4944,8.5311,4.8198,0.1519,3.0005,0.0,1.0,1.0,0,,,0.1159
2.5558,8.5444,5.2741,0.0986,5.1593,0.0,1.0,1.0,0,,,0.0908
2.5251,8.5185,4.8126,0.1275,3.3518,0.0,1.0,1.0,0,,,0.1185
2.5861,8.4925,5.136,0.077,7.3573,0.0,1.0,1.0,0,,,0.0726
2.4874,8.5788,4.8106,0.1471,2.3091,0.0,1.0,1.0,0,,,0.1394
2.4851,8.5657,4.791,0.168,2.435,0.0,1.0,1.0,0,,,0.1364
2.6128,8.5225,5.301,0.0617,10.6259,0.0,1.0,1.0,0,,,0.0582
2.6015,8.5113,5.2442,0.0789,7.8225,0.0,1.0,1.0,0,,,0.0702
2.5329,8.4992,4.3018,0.1195,4.3586,0.0,1.0,1.0,0,,,0.0955
2.5733,8.521,5.0936,0.0928,5.8958,0.0,1.0,1.0,0,,,0.0819
2.5857,8.5147,5.3891,0.0662,7.9437,0.0,1.0,1.0,0,,,0.0696
2.5485,8.5009,5.1138,0.1043,4.6368,0.0,1.0,1.0,0,,,0.0938
2.5997,8.5149,5.1557,0.0708,9.9313,0.0,1.0,1.0,0,,,0.0602
2.592,8.533,5.163,0.0844,7.1015,0.0,1.0,1.0,0,,,0.0737
2.564,8.5487,5.1406,0.096,5.6322,0.0,1.0,1.0,0,,,0.0841
2.5441,8.5083,5.0069,0.1095,4.5488,0.0,1.0,1.0,0,,,0.0943
2.5744,8.543,5.2183,0.0946,5.2941,0.0,1.0,1.0,0,,,0.0874
2.4635,8.5023,4.8781,0.1485,2.3237,0.0,1.0,1.0,0,,,0.1435
2.4954,8.5934,5.624,0.1272,3.678,0.0,1.0,1.0,0,,,0.1267
2.5543,8.5301,4.9572,0.0981,5.3163,0.0,1.0,1.0,0,,,0.0881
2.6326,8.5455,5.1768,0.0549,15.1249,0.0,1.0,1.0,0,,,0.0485
2.5307,8.4846,5.2886,0.1014,3.7972,0.0301,0.22,0.9938,0,,,0.1053
2.4887,8.5567,4.8346,0.1488,2.38,0.0,1.0,1.0,0,,,0.1383
2.5124,8.6373,5.1545,0.13,3.065,0.0,1.0,1.0,0,,,0.1215
2.5955,8.4833,5.2241,0.0665,8.9387,0.0,1.0,1.0,0,,,0.0658
2.5885,8.5191,5.2687,0.0811,7.3329,0.0,1.0,1.0,0,,,0.0715
2.5036,8.6231,5.5883,0.1322,2.8089,0.0,1.0,1.0,0,,,0.1261
2.4749,8.525,4.7577,0.1601,2.3949,0.0,1.0,1.0,0,,,0.1316
2.5019,8.5381,4.8573,0.1388,2.6875,0.0,1.0,1.0,0,,,0.1293
2.548,8.4908,5.0846,0.117,4.5593,0.0,1.0,1.0,0,,,0.0969
2.5739,8.521,5.1216,0.089,7.1141,0.0,1.0,1.0,0,,,0.0736
2.5067,8.5561,4.7851,0.1406,2.8389,0.0,1.0,1.0,0,,,0.1268
2.6099,8.5357,5.2726,0.062,10.3334,0.0,1.0,1.0,0,,,0.059
2.597,8.5264,5.4481,0.0727,7.696,0.0,1.0,1.0,0,,,0.07
2.5074,8.5479,5.124,0.1236,3.0754,0.0,1.0,1.0,0,,,0.12
2.5158,8.5153,4.9906,0.1385,3.192,0.0,1.0,1.0,0,,,0.1184
2.4906,8.5204,4.8076,0.1567,2.8238,0.0,1.0,1.0,0,,,0.1196
2.4857,8.5398,5.3151,0.1357,2.3948,0.0,1.0,1.0,0,,,0.1338
2.5609,8.4992,5.1642,0.0801,5.7895,0.0,0.8781,1.0,0,,,0.0821
2.6122,8.4937,5.0999,0.058,10.5292,0.0,1.0,1.0,0,,,0.0592
2.5953,8.5213,5.0658,0.0732,9.3005,0.0,1.0,1.0,0,,,0.0624
2.5613,8.5323,5.1655,0.103,6.1546,0.0,1.0,1.0,0,,,0.0792
2.5475,8.5038,5.1884,0.0991,4.8175,0.0,1.0,1.0,0,,,0.0912
2.4862,8.5575,4.8843,0.1365,2.4784,0.0,1.0,1.0,0,,,0.1334
2.5107,8.4996,5.1364,0.1426,2.8621,0.0,1.0,1.0,0,,,0.1248
2.5077,8.5279,5.0782,0.138,3.1634,0.0,1.0,1.0,0,,,0.1132
2.4593,8.5627,4.831,0.1672,2.1108,0.0,1.0,1.0,0,,,0.1406
2.5343,8.5066,4.9998,0.1009,4.2006,0.0,1.0,1.0,0,,,0.0969
2.5472,8.4874,5.1261,0.0994,4.7357,0.0,1.0,1.0,0,,,0.0909
2.5716,8.5008,5.0374,0.0905,6.3014,0.0,1.0,1.0,0,,,0.0792
2.6067,8.5233,5.1798,0.0711,9.0429,0.0,1.0,1.0,0,,,0.0646
2.6357,8.5217,5.4628,0.0566,20.432,0.0,1.0,1.0,0,,,0.0403
2.5951,8.4959,5.3617,0.074,9.1223,0.0,1.0,1.0,0,,,0.0641
2.6017,8.5635,5.2167,0.0776,10.6002,0.0,1.0,1.0,0,,,0.0577
2.5731,8.4751,4.9223,0.0785,6.8985,0.0,1.0,1.0,0,,,0.0746
2.5369,8.5056,4.6832,0.1123,3.7757,0.0,1.0,1.0,0,,,0.1034
2.6032,8.5182,5.0153,0.0763,8.6975,0.0,1.0,1.0,0,,,0.0653
2.6144,8.5256,5.2522,0.0666,11.5638,0.0,1.0,1.0,0,,,0.0564
2.545,8.5765,4.7035,0.125,3.2048,0.0,1.0,1.0,0,,,0.1145
2.5673,8.5387,4.6211,0.0986,5.8011,0.0,1.0,1.0,0,,,0.0825
2.5756,8.5212,5.1175,0.0991,6.719,0.0,1.0,1.0,0,,,0.0773
2.5686,8.5234,5.2361,0.0903,5.7428,0.0,1.0,1.0,0,,,0.0829
2.464,8.577,5.164,0.1435,2.1506,0.0,1.0,1.0,0,,,0.1473
2.5242,8.5336,5.3888,0.0985,3.7977,0.0,1.0,1.0,0,,,0.105
2.6114,8.5277,5.1975,0.0655,10.2464,0.0,1.0,1.0,0,,,0.0608
2.5876,8.547,5.2224,0.0745,8.4043,0.0,1.0,1.0,0,,,0.0657
2.4921,8.4864,5.2698,0.1346,2.7699,0.0,0.9212,1.0,0,,,0.1216
2.5461,8.54,5.0619,0.1065,4.7792,0.0,1.0,1.0,0,,,0.0932
2.4993,8.543,5.1412,0.1339,2.8572,0.0,1.0,1.0,0,,,0.1269
2.4967,8.5385,5.1182,0.1403,2.4521,0.0,0.9358,1.0,0,,,0.134
2.5687,10.2469,7.0119,0.1261,8.6825,0.0,1.0,1.0,0,,,0.0812
2.6164,8.4984,5.2117,0.0579,13.101,0.0,1.0,1.0,0,,,0.0525
2.4709,8.5205,5.084,0.1365,2.4443,0.0,1.0,1.0,0,,,0.1397
2.5007,8.6575,5.7983,0.1381,2.9413,0.0,1.0,1.0,0,,,0.1211
2.4557,8.5627,4.6884,0.166,2.0415,0.0,1.0,1.0,0,,,0.144
2.6129,8.5364,5.229,0.0723,11.1666,0.0,1.0,1.0,0,,,0.0563
2.6141,8.4922,5.2489,0.0633,10.9367,0.0,1.0,1.0,0,,,0.0587
2.5327,8.5222,5.0888,0.1056,3.8209,0.0004,0.7776,1.0,0,,,0.101
2.4902,8.5877,5.1007,0.1449,2.7878,0.0,1.0,1.0,0,,,0.1261
2.5416,8.545,4.6755,0.1236,4.1055,0.0,1.0,1.0,0,,,0.0981
2.5971,8.5161,5.1744,0.0778,7.8665,0.0,1.0,1.0,0,,,0.0691
2.4902,8.5495,5.0865,0.1419,2.606,0.0,1.0,1.0,0,,,0.1339
2.5913,8.5224,5.2611,0.0707,8.632,0.0,1.0,1.0,0,,,0.0658
2.4879,8.5037,4.6515,0.1416,2.5543,0.0,1.0,1.0,0,,,0.1326
2.566,8.5121,4.667,0.0984,6.734,0.0,1.0,1.0,0,,,0.0746
2.5079,8.5568,4.9612,0.1449,2.6961,0.0,1.0,1.0,0,,,0.1312
2.5216,8.5954,5.0909,0.1329,3.109,0.0,1.0,1.0,0,,,0.1185
2.5215,8.4797,5.0871,0.1266,3.3218,0.0,1.0,1.0,0,,,0.1127
2.5708,8.5091,5.4133,0.089,6.1751,0.0,1.0,1.0,0,,,0.0779
2.5586,8.5341,4.9115,0.0962,4.9538,0.0,1.0,1.0,0,,,0.0901
2.6247,8.501,5.249,0.0558,13.8481,0.0,1.0,1.0,0,,,0.0501
2.4544,8.5538,4.8439,0.1736,2.0381,0.0,1.0,1.0,0,,,0.1435
2.3836,9.6831,9.4417,0.1957,1.7997,0.0,1.0,1.0,0,,,0.1954
2.4379,8.9004,6.8068,0.1635,2.4484,0.0,1.0,1.0,0,,,0.1627
2.5328,8.5314,4.936,0.1167,4.0057,0.0,1.0,1.0,0,,,0.0986
2.5059,10.6431,18.4555,0.1919,3.8568,0.0,1.0,1.0,0,,,0.13
2.6041,8.5077,4.9949,0.0697,8.4753,0.0,1.0,1.0,0,,,0.0663
2.4977,8.5191,4.5943,0.1481,2.6254,0.0,1.0,1.0,0,,,0.1316
2.4913,8.5334,5.0476,0.1338,2.6448,0.0008,0.7246,1.0,0,,,0.1322
2.6132,8.5396,5.2289,0.0655,12.9163,0.0,1.0,1.0,0,,,0.0517
2.607,8.5251,5.3091,0.0726,11.1184,0.0,1.0,1.0,0,,,0.0562
2.6149,8.5462,5.2992,0.0628,10.7699,0.0,1.0,1.0,0,,,0.0578
2.5418,8.5528,5.5827,0.1017,4.1812,0.0074,0.4289,0.9992,0,,,0.101
2.5313,8.5396,5.0628,0.1202,3.7908,0.0,1.0,1.0,0,,,0.1096
2.4486,8.5232,4.688,0.1728,1.9517,0.0,1.0,1.0,0,,,0.1503
2.4848,8.5915,5.1977,0.1418,2.657,0.0,1.0,1.0,0,,,0.1295
2.5833,8.5183,5.1609,0.092,6.8819,0.0,1.0,1.0,0,,,0.0752
2.6006,8.4846,5.274,0.0652,10.463,0.0,1.0,1.0,0,,,0.0594
2.5723,8.5243,5.0104,0.0923,6.1745,0.0,1.0,1.0,0,,,0.0819
2.5387,8.5202,4.5311,0.1222,4.8796,0.0,1.0,1.0,0,,,0.0895
2.5107,8.5398,4.9946,0.1322,3.4325,0.0,1.0,1.0,0,,,0.1074
2.4825,10.2913,9.9946,0.185,2.9927,0.0,1.0,1.0,0,,,0.1464
2.5652,8.509,5.004,0.1073,5.6242,0.0,1.0,1.0,0,,,0.0875
2.59,8.4938,5.2823,0.0704,7.7746,0.0013,0.6118,0.9999,0,,,0.0708
2.4985,8.5587,5.1419,0.1337,2.8512,0.0,1.0,1.0,0,,,0.1271
2.5688,8.5563,5.1148,0.1084,4.892,0.0,1.0,1.0,0,,,0.092
2.5533,8.5341,5.4785,0.1028,4.6072,0.0004,0.7277,1.0,0,,,0.0975
2.5807,8.5017,5.1192,0.0967,6.012,0.0,1.0,1.0,0,,,0.0811
2.5216,8.4851,5.1433,0.1229,3.2891,0.0,1.0,1.0,0,,,0.114
2.628,8.5048,5.4391,0.0511,18.0356,0.0,1.0,1.0,0,,,0.0432
2.5919,8.5368,5.2733,0.0751,7.9271,0.0,1.0,1.0,0,,,0.0683
2.4662,8.5267,4.7194,0.1537,2.3425,0.0,1.0,1.0,0,,,0.1331
2.575,8.5119,5.0687,0.0937,7.0979,0.0,1.0,1.0,0,,,0.0734
2.5739,8.4807,5.2086,0.0758,6.5799,0.0016,0.6091,0.9999,0,,,0.0765
2.5267,8.5347,5.0206,0.1196,3.8137,0.0,1.0,1.0,0,,,0.1101
2.5721,8.5347,5.4974,0.0822,5.8281,0.0,1.0,1.0,0,,,0.0831
2.6041,8.5891,5.6159,0.0759,8.3577,0.0,1.0,1.0,0,,,0.0686
2.5905,8.51,5.1966,0.078,7.2941,0.0,1.0,1.0,0,,,0.073
2.6026,8.5255,5.2534,0.0688,9.341,0.0,1.0,1.0,0,,,0.0637
2.5956,8.5166,5.1162,0.0659,8.3312,0.0,1.0,1.0,0,,,0.068
2.6118,8.4863,5.1952,0.0571,12.8424,0.0,1.0,1.0,0,,,0.0521
2.5561,8.5136,4.9475,0.1188,4.4963,0.0,1.0,1.0,0,,,0.0982
2.4968,8.5385,5.3038,0.1228,2.8814,0.0,1.0,1.0,0,,,0.1256
2.5595,8.5615,5.3094,0.0966,5.2401,0.0,1.0,1.0,0,,,0.0908
2.518,8.49,5.1036,0.1267,3.1484,0.0,1.0,1.0,0,,,0.1167
2.4502,8.6331,5.6214,0.1638,1.8738,0.0,1.0,1.0,0,,,0.1606
2.5087,8.5403,4.9733,0.1298,3.2796,0.0,1.0,1.0,0,,,0.1122
2.5187,8.5465,5.1535,0.1387,3.0659,0.0,1.0,1.0,0,,,0.1195
2.4822,8.5524,4.8549,0.1584,2.7755,0.0,1.0,1.0,0,,,0.1208
2.4662,8.5172,4.5538,0.1549,2.1898,0.0,1.0,1.0,0,,,0.1379
2.5549,8.5036,5.2255,0.0997,4.7638,0.0,1.0,1.0,0,,,0.0939
2.5221,8.5475,5.0482,0.1304,3.312,0.0,1.0,1.0,0,,,0.1168
2.4969,8.5749,5.6563,0.1196,3.8663,0.0,1.0,1.0,0,,,0.1228
2.5285,8.5442,5.2648,0.127,3.4569,0.0,1.0,1.0,0,,,0.1149
2.5849,8.5851,5.5612,0.0761,7.4398,0.0,1.0,1.0,0,,,0.0709
2.5969,8.5102,5.2229,0.0665,9.2418,0.0,1.0,1.0,0,,,0.0628
2.5991,8.5215,5.1756,0.0736,8.419,0.0,1.0,1.0,0,,,0.0676
2.5103,8.5523,4.761,0.14,2.7736,0.0,1.0,1.0,0,,,0.1273
2.5104,8.5389,5.3073,0.1453,2.7328,0.0,1.0,1.0,0,,,0.1262
2.583,8.5093,5.1825,0.0665,7.5374,0.0,0.958,1.0,0,,,0.0714
2.489,8.5335,4.7805,0.1471,2.5695,0.0,1.0,1.0,0,,,0.132
2.4824,8.569,5.1611,0.1526,2.3805,0.0,1.0,1.0,0,,,0.1403
2.5591,8.495,5.0957,0.0858,5.5093,0.0,1.0,1.0,0,,,0.0864
2.4464,8.5667,5.0635,0.1598,1.959,0.0,1.0,1.0,0,,,0.1535
2.5946,8.4927,5.3388,0.0697,8.1255,0.0,1.0,1.0,0,,,0.068
2.5993,8.5358,5.1981,0.0689,9.7391,0.0,1.0,1.0,0,,,0.0615
2.4764,8.5626,4.6704,0.1512,2.3358,0.0,1.0,1.0,0,,,0.1325
2.6088,8.5122,5.2013,0.0617,10.6816,0.0,1.0,1.0,0,,,0.0583
2.505,8.5469,4.7833,0.1279,3.0829,0.0,1.0,1.0,0,,,0.1137
2.5255,8.5271,5.1165,0.1182,3.8402,0.0,1.0,1.0,0,,,0.1096
2.4828,8.5386,4.7865,0.1527,2.7051,0.0,1.0,1.0,0,,,0.1228
2.6093,8.518,5.3351,0.0564,11.45,0.0,1.0,1.0,0,,,0.0556
2.5603,8.5513,4.8507,0.0998,5.0741,0.0,1.0,1.0,0,,,0.0871
2.6181,8.5,5.2477,0.0556,12.4235,0.0,1.0,1.0,0,,,0.0532
2.4985,8.5302,4.9749,0.1483,3.0615,0.0,1.0,1.0,0,,,0.1144
2.5887,8.5031,5.13,0.0824,7.5755,0.0,1.0,1.0,0,,,0.0711
2.4893,8.5089,4.6365,0.1462,2.3996,0.0,1.0,1.0,0,,,0.1363
2.4766,8.5654,5.0678,0.1636,2.3888,0.0,1.0,1.0,0,,,0.1335
2.5058,8.546,5.0398,0.136,3.3435,0.0,1.0,1.0,0,,,0.112
2.595,8.5339,5.3891,0.0734,8.1952,0.0,1.0,1.0,0,,,0.0683
2.5479,8.5596,5.132,0.1199,4.0756,0.0,1.0,1.0,0,,,0.1057
2.5193,8.5574,5.0405,0.1339,3.5703,0.0,1.0,1.0,0,,,0.1063
2.604,8.508,5.1848,0.0691,9.3332,0.0,1.0,1.0,0,,,0.0632
2.4824,8.5115,4.8913,0.1517,2.4427,0.0306,0.257,0.9945,0,,,0.1366
2.5813,8.523,5.0464,0.0812,7.5302,0.0,1.0,1.0,0,,,0.0727
2.4932,8.5457,4.5639,0.1509,2.4979,0.0,1.0,1.0,0,,,0.1357
2.5418,8.5446,5.0762,0.0967,4.526,0.0,1.0,1.0,0,,,0.093
2.5691,8.4693,4.9806,0.0883,5.6918,0.0,1.0,1.0,0,,,0.0855
2.4994,8.5542,4.8479,0.1512,2.9421,0.0,1.0,1.0,0,,,0.1242
2.6353,8.5548,5.26,0.0586,14.245,0.0,1.0,1.0,0,,,0.0496
2.5077,8.5593,5.3473,0.1186,3.0677,0.0,1.0,1.0,0,,,0.1195
2.5251,8.5462,5.1734,0.1211,3.9353,0.0,1.0,1.0,0,,,0.1014
2.5013,8.5465,4.8823,0.149,2.6708,0.0,1.0,1.0,0,,,0.1314
2.5227,8.5168,5.1307,0.14,3.1936,0.0,1.0,1.0,0,,,0.1164
2.5311,8.5594,5.2522,0.1307,3.4233,0.0,1.0,1.0,0,,,0.1124
2.5389,8.5327,5.1444,0.1163,4.5611,0.0,1.0,1.0,0,,,0.0935
2.4679,8.5187,4.6729,0.1593,2.2053,0.0,1.0,1.0,0,,,0.1373
2.5971,8.5055,5.1904,0.0715,9.3917,0.0,1.0,1.0,0,,,0.0618
2.5992,8.5548,5.2148,0.0754,7.7325,0.0,1.0,1.0,0,,,0.0709
2.5712,8.4892,5.2011,0.0821,5.8863,0.0001,0.8228,1.0,0,,,0.0813
2.6191,8.4922,5.2214,0.0516,15.0043,0.0,1.0,1.0,0,,,0.0478
2.5887,8.5446,5.2478,0.0797,6.7242,0.0,1.0,1.0,0,,,0.0758
2.4948,8.5441,4.7534,0.1507,2.5577,0.0,1.0,1.0,0,,,0.1358
2.5611,8.5659,4.6367,0.1163,5.2657,0.0,1.0,1.0,0,,,0.0855
2.587,8.5116,5.3476,0.0704,7.8272,0.0,1.0,1.0,0,,,0.0698
2.5775,8.5244,5.0878,0.0853,6.1832,0.0,1.0,1.0,0,,,0.0792
2.5962,8.5335,5.0599,0.0863,8.8017,0.0,1.0,1.0,0,,,0.0654
2.4824,8.5487,4.8927,0.1576,2.3033,0.0,1.0,1.0,0,,,0.1435
2.5588,8.6674,5.736,0.1099,4.8556,0.0,1.0,1.0,0,,,0.0936
2.5952,8.5207,5.0262,0.0913,9.3186,0.0,1.0,1.0,0,,,0.0639
2.4446,8.5267,5.0335,0.1528,1.9093,0.0,1.0,1.0,0,,,0.1567
2.5807,8.4977,5.1919,0.0768,6.6688,0.0,1.0,1.0,0,,,0.0759
2.6118,8.5299,5.0628,0.0786,13.4145,0.0,1.0,1.0,0,,,0.0506
2.5989,8.5251,5.4847,0.0773,9.7064,0.0,1.0,1.0,0,,,0.0623
2.5879,8.5232,5.1418,0.0824,6.6684,0.0,1.0,1.0,0,,,0.0766
2.5073,8.636,5.6227,0.1422,3.0762,0.0,1.0,1.0,0,,,0.1186
2.5655,10.6326,19.0738,0.1638,5.4856,0.0,1.0,1.0,0,,,0.1046
2.4926,8.548,4.6998,0.1462,2.6118,0.0,1.0,1.0,0,,,0.1286
2.5147,8.5986,5.8192,0.131,2.9251,0.0,1.0,1.0,0,,,0.1227
2.5632,10.6162,19.439,0.1547,5.4189,0.0,1.0,1.0,0,,,0.1053
2.5781,8.519,5.0834,0.0846,5.8404,0.0,1.0,1.0,0,,,0.0817
2.5181,8.5574,5.1323,0.1351,3.0058,0.0,1.0,1.0,0,,,0.1193
2.5675,8.6103,5.4707,0.1084,6.0581,0.0,1.0,1.0,0,,,0.082
2.5556,8.4587,5.1269,0.0823,5.4386,0.0,1.0,1.0,0,,,0.0869
2.5057,8.5769,4.9202,0.1429,2.8623,0.0,1.0,1.0,0,,,0.1262
2.5164,8.5712,4.7653,0.1352,3.1301,0.0,1.0,1.0,0,,,0.1169
2.5069,8.5498,4.9496,0.1427,2.7897,0.0,1.0,1.0,0,,,0.1287
2.5748,8.4977,5.1101,0.0937,7.0066,0.0,1.0,1.0,0,,,0.0732
2.5833,8.4935,5.1451,0.0745,7.4832,0.0,1.0,1.0,0,,,0.0712
2.5958,8.5175,5.1015,0.0787,7.3582,0.0,1.0,1.0,0,,,0.0724
2.6056,8.5436,5.161,0.0806,9.497,0.0,1.0,1.0,0,,,0.0626
2.5838,8.5093,5.2036,0.078,6.978,0.0,1.0,1.0,0,,,0.0746
2.5239,8.6021,5.2761,0.121,3.3292,0.0,1.0,1.0,0,,,0.1165
2.5939,8.5101,5.0922,0.0791,7.2982,0.0,1.0,1.0,0,,,0.073
2.5794,8.5569,5.2157,0.0764,7.3754,0.0,1.0,1.0,0,,,0.0707
2.5863,8.5364,5.1564,0.082,6.2379,0.0,1.0,1.0,0,,,0.0787
2.5713,8.5247,4.9916,0.0919,6.8381,0.0,1.0,1.0,0,,,0.0762
2.6032,8.4633,5.2262,0.0574,11.3866,0.0,1.0,1.0,0,,,0.057
2.5097,8.5417,5.0812,0.1346,2.9477,0.0,1.0,1.0,0,,,0.1252
2.4701,8.5999,5.4326,0.1556,2.2425,0.0,1.0,1.0,0,,,0.1429
2.5723,8.5658,5.2632,0.0928,6.5804,0.0,1.0,1.0,0,,,0.0782
2.515,8.495,5.039,0.1202,3.1046,0.0,1.0,1.0,0,,,0.1182
2.4988,8.5309,5.0119,0.1457,2.7145,0.0,1.0,1.0,0,,,0.1303
2.5027,8.5713,4.8604,0.1437,2.6965,0.0,1.0,1.0,0,,,0.1301
2.4786,8.533,5.0798,0.1523,2.5473,0.0,1.0,1.0,0,,,0.1297
2.5579,8.5156,5.0003,0.1045,5.135,0.0,1.0,1.0,0,,,0.0917
2.5763,8.5031,5.1805,0.0777,6.5585,0.0,1.0,1.0,0,,,0.0766
2.5849,8.548,5.4593,0.0919,7.6626,0.0,1.0,1.0,0,,,0.0715
2.4707,8.5546,5.7455,0.166,2.085,0.0,1.0,1.0,0,,,0.1475
2.5059,8.4906,5.1302,0.1134,3.1271,0.0,1.0,1.0,0,,,0.1185
2.4596,8.5461,4.6282,0.1569,2.1242,0.0,1.0,1.0,0,,,0.1409
2.5363,8.5784,5.1423,0.1196,4.0296,0.0,1.0,1.0,0,,,0.1
2.5288,8.5541,5.5128,0.1156,4.5215,0.0,1.0,1.0,0,,,0.1118
2.5332,8.599,5.086,0.1222,3.5568,0.0,1.0,1.0,0,,,0.1089
2.5793,8.538,5.1756,0.078,7.723,0.0,1.0,1.0,0,,,0.0712
2.4959,8.5736,5.1967,0.1373,2.784,0.0,1.0,1.0,0,,,0.1276
2.5883,8.5336,5.0833,0.0837,8.4424,0.0,1.0,1.0,0,,,0.0676
2.4619,8.5897,5.2046,0.1576,2.0553,0.0,1.0,1.0,0,,,0.1525
2.5752,8.528,5.1441,0.0918,5.6787,0.0,1.0,1.0,0,,,0.0844
2.5997,8.509,5.3761,0.0829,7.9796,0.0,1.0,1.0,0,,,0.0702
2.6203,8.5034,5.0674,0.057,11.7666,0.0,1.0,1.0,0,,,0.0556
2.5388,8.5343,5.1356,0.1172,3.963,0.0,1.0,1.0,0,,,0.1025
2.5261,8.5835,4.9877,0.1371,3.4072,0.0,1.0,1.0,0,,,0.1109
2.4903,8.5469,4.9097,0.149,2.4825,0.0,1.0,1.0,0,,,0.1369
2.5995,8.5355,5.1846,0.0763,8.102,0.0,1.0,1.0,0,,,0.068
2.4823,8.5612,4.8281,0.1602,2.723,0.0,1.0,1.0,0,,,0.1251
2.4683,8.5184,4.7465,0.1499,2.1313,0.0,1.0,1.0,0,,,0.1417
2.5191,8.8064,6.4603,0.1244,4.859,0.0,1.0,1.0,0,,,0.112
2.5824,8.5188,5.2841,0.0902,6.3385,0.0,1.0,1.0,0,,,0.078
2.5629,8.4757,4.8913,0.0883,5.8791,0.0,1.0,1.0,0,,,0.0816
2.3976,10.1901,13.1376,0.1879,1.9428,0.0,1.0,1.0,0,,,0.1873
2.4814,8.5496,5.1995,0.1436,2.5193,0.0,1.0,1.0,0,,,0.129
2.6378,8.5333,5.1115,0.053,22.7124,0.0,1.0,1.0,0,,,0.0384
2.5063,10.1777,7.9205,0.1806,4.0041,0.0,1.0,1.0,0,,,0.1261
2.5675,8.5331,5.0314,0.0972,6.6491,0.0,1.0,1.0,0,,,0.0758
2.5879,8.5193,5.397,0.0718,7.7794,0.0,1.0,1.0,0,,,0.0701
2.5972,8.5089,5.1556,0.0745,9.109,0.0,1.0,1.0,0,,,0.0634
2.5043,8.5181,4.6602,0.1352,2.9957,0.0,1.0,1.0,0,,,0.1244
2.5119,8.5951,4.8551,0.1327,3.0206,0.0,1.0,1.0,0,,,0.12
2.5354,8.5367,5.0307,0.1218,3.596,0.0,1.0,1.0,0,,,0.1111
2.5268,8.5545,5.0784,0.1336,3.178,0.0,1.0,1.0,0,,,0.1179
2.5131,8.5543,4.6543,0.1377,3.1864,0.0,1.0,1.0,0,,,0.1173
2.5203,8.5252,4.7056,0.1244,3.6437,0.0,1.0,1.0,0,,,0.1056
2.5103,8.5183,5.1,0.1125,3.338,0.0,1.0,1.0,0,,,0.1147
2.5154,8.5516,4.7598,0.1437,3.1508,0.0,1.0,1.0,0,,,0.1172
2.6135,8.5022,5.1072,0.0564,11.8082,0.0,1.0,1.0,0,,,0.0556
2.5339,8.4796,5.1354,0.1018,3.9654,0.0,0.925,1.0,0,,,0.1013
2.4985,8.6131,4.8909,0.1411,2.6767,0.0,1.0,1.0,0,,,0.128
2.4912,8.5648,5.0604,0.1435,2.525,0.0,1.0,1.0,0,,,0.1352
2.513,8.5613,4.7205,0.1449,2.8737,0.0,1.0,1.0,0,,,0.1272
2.5475,8.497,5.0457,0.0999,4.8769,0.0,1.0,1.0,0,,,0.0925
2.4865,8.5304,4.7917,0.1558,2.6516,0.0,1.0,1.0,0,,,0.1244
2.5759,8.5037,4.9374,0.0974,6.3482,0.0,1.0,1.0,0,,,0.0809
2.5782,8.5376,5.28,0.0931,5.5066,0.0,1.0,1.0,0,,,0.0853
2.5699,8.5224,5.0461,0.1088,5.0708,0.0,1.0,1.0,0,,,0.0929
2.4304,8.4976,4.9859,0.1537,2.2231,0.0,1.0,1.0,0,,,0.1611
2.497,8.682,5.7879,0.1414,3.682,0.0,1.0,1.0,0,,,0.133
2.4952,8.5303,4.6522,0.1388,2.8709,0.0,1.0,1.0,0,,,0.1284
2.4866,8.5336,5.1549,0.153,2.7341,0.0,1.0,1.0,0,,,0.1221
2.4815,8.5487,4.7243,0.1474,2.4245,0.0,1.0,1.0,0,,,0.1387
2.5956,8.5922,5.4303,0.0724,8.5544,0.0,1.0,1.0,0,,,0.0655
2.4707,8.67,5.4084,0.1438,2.286,0.0,1.0,1.0,0,,,0.144
2.506,8.5629,4.7592,0.1476,2.7359,0.0,1.0,1.0,0,,,0.1275
2.5584,8.5715,5.2079,0.1142,4.2437,0.0,1.0,1.0,0,,,0.0997
2.599,8.5237,5.3782,0.0749,9.1958,0.0,1.0,1.0,0,,,0.0629
2.5594,8.5371,5.0233,0.0986,5.7199,0.0,1.0,1.0,0,,,0.0842
2.5142,8.519,5.1795,0.118,3.3972,0.0,1.0,1.0,0,,,0.1148
2.5357,8.5656,4.8592,0.1223,3.5647,0.0,1.0,1.0,0,,,0.1097
2.5445,8.6046,5.5112,0.106,5.406,0.0,1.0,1.0,0,,,0.1006
2.5163,8.5056,4.829,0.1194,3.5149,0.0,1.0,1.0,0,,,0.1106
2.6124,8.5593,5.2094,0.0702,12.871,0.0,1.0,1.0,0,,,0.0518
2.6054,8.4821,5.2859,0.0617,10.0462,0.0,1.0,1.0,0,,,0.0604
2.6046,8.5252,5.1807,0.0728,8.6888,0.0,1.0,1.0,0,,,0.0661
2.5313,8.5441,4.8438,0.1242,4.0574,0.0,1.0,1.0,0,,,0.1
2.552,8.6259,5.6816,0.1047,4.8456,0.0,1.0,1.0,0,,,0.0931
2.4432,8.6763,6.1299,0.1657,2.7057,0.0,1.0,1.0,0,,,0.1565
2.4625,8.6351,5.6937,0.1601,2.0209,0.0,1.0,1.0,0,,,0.1507
2.5297,8.5247,4.9909,0.1078,4.0552,0.0,1.0,1.0,0,,,0.0986
2.5847,8.4834,5.0456,0.0819,8.04,0.0,1.0,1.0,0,,,0.0685
2.556,8.5227,5.0703,0.0954,4.8959,0.0,1.0,1.0,0,,,0.0903
2.5301,8.5373,4.487,0.1207,4.0425,0.0,1.0,1.0,0,,,0.0988
2.5426,8.5582,5.1727,0.1113,4.3635,0.0,1.0,1.0,0,,,0.0949
2.5306,8.5532,5.037,0.1418,3.4395,0.0,1.0,1.0,0,,,0.1133
2.6177,8.5157,5.1421,0.0597,11.3449,0.0,1.0,1.0,0,,,0.0568
2.5271,8.5194,5.4279,0.1199,3.3687,0.0,1.0,1.0,0,,,0.1134
2.5703,8.5233,5.2539,0.0867,6.2792,0.0,1.0,1.0,0,,,0.0793
2.6368,8.5197,5.3241,0.0595,19.2512,0.0,1.0,1.0,0,,,0.0416
2.4606,8.7152,5.7266,0.1774,2.969,0.0,1.0,1.0,0,,,0.1491
2.4618,8.548,4.7886,0.1664,2.0574,0.0,1.0,1.0,0,,,0.1445
2.6152,8.542,5.093,0.0727,11.4908,0.0,1.0,1.0,0,,,0.0557
2.6003,8.4618,5.3389,0.0566,10.6121,0.0,1.0,1.0,0,,,0.0593
2.5319,8.5033,4.522,0.1182,4.4593,0.0,1.0,1.0,0,,,0.0926
2.6079,8.5185,5.3916,0.0633,10.4184,0.0,1.0,1.0,0,,,0.0587
2.5838,8.5217,5.1822,0.0753,7.2361,0.0,1.0,1.0,0,,,0.0733
2.5128,8.5325,4.8424,0.1403,3.2913,0.0,1.0,1.0,0,,,0.1126
2.487,8.5235,5.0324,0.1482,2.4616,0.0,1.0,1.0,0,,,0.1382
2.6389,8.5015,5.2578,0.053,17.2418,0.0,0.0,-999.25,0,,,0.0437
2.5526,8.5573,4.6912,0.119,4.5703,0.0,1.0,1.0,0,,,0.0954
2.4586,10.2402,9.4125,0.1945,2.3612,0.0205,0.3579,0.9974,0,,,0.167
2.4763,8.5616,4.7313,0.1605,2.5095,0.0,1.0,1.0,0,,,0.1291
2.5613,8.5305,4.585,0.0937,5.4688,0.0,1.0,1.0,0,,,0.085
2.5894,8.503,5.2411,0.0631,8.3011,0.0,1.0,1.0,0,,,0.0664
2.4932,8.534,4.7504,0.1454,2.6894,0.0,1.0,1.0,0,,,0.1329
2.5479,8.5459,4.9767,0.1024,4.8536,0.0,1.0,1.0,0,,,0.0927
2.5247,8.5302,5.0305,0.1268,3.4321,0.0,1.0,1.0,0,,,0.114
2.6083,8.5193,5.2684,0.0661,11.2975,0.0,1.0,1.0,0,,,0.0557
2.5203,8.5489,5.1107,0.1317,3.0518,0.0,1.0,1.0,0,,,0.1203
2.4855,8.538,4.9119,0.1465,2.4536,0.0,1.0,1.0,0,,,0.1378
2.4725,8.4983,4.971,0.1575,2.2424,0.0,1.0,1.0,0,,,0.1392
2.5558,8.4937,4.9604,0.1152,5.1097,0.0,1.0,1.0,0,,,0.0888
2.6168,8.5289,5.0192,0.057,12.5559,0.0,1.0,1.0,0,,,0.0542
2.5827,8.5253,5.3314,0.0815,7.0721,0.0,1.0,1.0,0,,,0.0751
2.4812,8.6244,5.65,0.1418,2.5956,0.0,1.0,1.0,0,,,0.1382
2.5219,8.5185,4.9732,0.1116,3.5573,0.0003,0.7797,1.0,0,,,0.1102
2.5675,8.5287,5.3094,0.0978,5.945,0.0,1.0,1.0,0,,,0.0795
2.576,8.521,5.2527,0.0889,6.2194,0.0,1.0,1.0,0,,,0.081
2.6185,8.5085,5.2612,0.0634,14.9956,0.0,1.0,1.0,0,,,0.0484
2.5599,8.509,5.0473,0.1042,4.8129,0.0,1.0,1.0,0,,,0.093
2.6118,8.4938,5.1972,0.0643,11.4566,0.0,1.0,1.0,0,,,0.0567
2.6092,8.5277,5.293,0.0671,9.7471,0.0,1.0,1.0,0,,,0.0614
2.4783,8.5189,4.8498,0.1448,2.5555,0.0,1.0,1.0,0,,,0.1265
2.5332,8.5128,4.7156,0.1373,3.6239,0.0,1.0,1.0,0,,,0.108
2.5113,8.5464,4.9202,0.13,3.2151,0.0,1.0,1.0,0,,,0.1223
2.5421,8.562,5.1145,0.1122,4.2253,0.0,1.0,1.0,0,,,0.1026
2.5236,8.5917,4.8857,0.1229,3.4018,0.0,1.0,1.0,0,,,0.1124
2.5413,8.507,5.2127,0.1037,4.2454,0.0,1.0,1.0,0,,,0.1
2.5555,8.524,5.2796,0.0902,5.1873,0.0002,0.7959,1.0,0,,,0.0884
2.5916,8.5339,5.0938,0.0814,7.1194,0.0,1.0,1.0,0,,,0.0736
2.559,8.5325,5.1287,0.1124,5.4047,0.0,1.0,1.0,0,,,0.0839
2.4477,8.5839,4.994,0.1626,1.9585,0.0,1.0,1.0,0,,,0.1534
2.4865,8.5349,4.7444,0.1517,2.6894,0.0,1.0,1.0,0,,,0.123
2.4324,8.4858,5.2203,0.1585,2.2495,0.0,0.9215,1.0,0,,,0.1602
2.5136,8.5384,5.264,0.1408,2.7637,0.0,1.0,1.0,0,,,0.126
2.6077,8.5289,5.4249,0.0647,9.6688,0.0,1.0,1.0,0,,,0.0613
2.5813,8.5304,5.0919,0.0872,6.5704,0.0,1.0,1.0,0,,,0.0768
2.635,8.5477,5.2334,0.0539,16.2907,0.0,1.0,1.0,0,,,0.0464
2.5959,8.5192,5.2229,0.0753,9.2613,0.0,1.0,1.0,0,,,0.0639
2.5253,8.5146,4.9172,0.1208,3.7666,0.0,1.0,1.0,0,,,0.1074
2.5302,8.5148,4.5466,0.118,4.3778,0.0,1.0,1.0,0,,,0.0932
2.5231,8.6179,5.4077,0.1407,3.4825,0.0,1.0,1.0,0,,,0.111
2.4815,8.5497,4.9348,0.1525,2.4401,0.0,1.0,1.0,0,,,0.1346
2.5379,8.5509,5.2766,0.1072,4.3771,0.0,1.0,1.0,0,,,0.097
2.5045,8.5528,5.2587,0.1283,2.9325,0.0,1.0,1.0,0,,,0.1203
2.5598,8.5187,5.3207,0.0879,5.2975,0.0,1.0,1.0,0,,,0.0877
2.5649,8.486,5.0148,0.0955,5.8864,0.0,1.0,1.0,0,,,0.0819
2.4964,8.5291,4.7741,0.133,2.9133,0.0,1.0,1.0,0,,,0.1167
2.6027,8.4742,5.1555,0.0638,9.5523,0.0,1.0,1.0,0,,,0.0632
2.5319,8.5765,4.7033,0.1298,3.035,0.0,1.0,1.0,0,,,0.1174
2.6075,8.4924,5.2185,0.0511,11.4608,0.0,1.0,1.0,0,,,0.0565
2.5295,8.571,5.3227,0.1275,3.8483,0.0,1.0,1.0,0,,,0.1061
2.5998,8.5257,5.2013,0.0767,9.7686,0.0,1.0,1.0,0,,,0.0608
2.4672,8.5477,4.7783,0.174,2.2461,0.0,1.0,1.0,0,,,0.1359
2.4574,8.5293,5.1132,0.1642,1.9652,0.0,1.0,1.0,0,,,0.1562
2.5693,8.5149,5.24,0.091,4.8991,0.0,1.0,1.0,0,,,0.0886
2.5089,8.5348,5.1042,0.1185,3.1775,0.0,1.0,1.0,0,,,0.1178
2.6109,8.5184,5.2423,0.063,10.3333,0.0,1.0,1.0,0,,,0.0591
2.5999,8.5353,5.0983,0.0816,7.7316,0.0,1.0,1.0,0,,,0.0711
2.5485,8.5412,4.5703,0.1155,4.3942,0.0,1.0,1.0,0,,,0.0976
2.6002,8.5259,5.1799,0.065,9.356,0.0,1.0,1.0,0,,,0.0634
2.4882,8.5411,4.6624,0.156,2.7238,0.0,1.0,1.0,0,,,0.1222
2.5058,8.5365,4.8079,0.1317,2.8835,0.0,1.0,1.0,0,,,0.1201
2.4636,8.5165,4.5776,0.1603,2.1583,0.0,1.0,1.0,0,,,0.1391
2.5213,8.48,5.0491,0.1248,3.3136,0.0,1.0,1.0,0,,,0.1114
2.5157,8.5475,5.1973,0.1255,3.1514,0.0,1.0,1.0,0,,,0.1162
2.4653,8.5197,4.9515,0.1387,2.3107,0.0,1.0,1.0,0,,,0.143
2.6164,8.5144,5.1564,0.0586,12.2043,0.0,1.0,1.0,0,,,0.0543
2.5715,8.4999,4.9675,0.1026,5.8411,0.0,1.0,1.0,0,,,0.0852
2.5211,8.4849,5.1882,0.1131,3.5514,0.0,1.0,1.0,0,,,0.1108
2.5076,8.5188,5.1061,0.155,2.8505,0.0,1.0,1.0,0,,,0.1229
2.5363,8.5629,4.9385,0.1273,3.6595,0.0,1.0,1.0,0,,,0.1088
2.5361,8.5389,4.9808,0.1016,4.019,0.0,1.0,1.0,0,,,0.098
2.527,8.5455,5.0364,0.1334,3.5262,0.0,1.0,1.0,0,,,0.1123
2.6235,8.5355,5.1434,0.0607,12.5186,0.0,1.0,1.0,0,,,0.0545
2.5586,8.5231,4.9216,0.1107,4.6209,0.0,1.0,1.0,0,,,0.098
2.5555,8.5327,5.1928,0.101,4.8353,0.0,1.0,1.0,0,,,0.0938
2.5337,8.5345,5.1191,0.1232,3.6922,0.0,1.0,1.0,0,,,0.1118
2.5951,8.5201,5.467,0.0717,7.9024,0.0,1.0,1.0,0,,,0.069
2.5588,8.487,5.1104,0.095,4.8739,0.0,1.0,1.0,0,,,0.092
2.5838,8.5403,5.018,0.0899,8.3769,0.0,1.0,1.0,0,,,0.068
2.5118,8.545,4.6521,0.1463,3.1345,0.0,1.0,1.0,0,,,0.1182
2.5664,8.5675,5.0817,0.1012,6.0445,0.0,1.0,1.0,0,,,0.0793
2.5032,10.1806,7.3275,0.1986,3.1466,0.0,1.0,1.0,0,,,0.1424
2.546,8.5093,4.7805,0.1082,5.2552,0.0,1.0,1.0,0,,,0.0843
2.5016,8.5137,4.7358,0.1309,3.021,0.0,1.0,1.0,0,,,0.1158
2.5082,8.5396,4.9637,0.1369,3.0195,0.0,1.0,1.0,0,,,0.1268
2.4907,8.4943,4.7282,0.1493,2.3777,0.0,1.0,1.0,0,,,0.1381
2.6341,8.5577,5.239,0.0567,15.8009,0.0,1.0,1.0,0,,,0.0472
2.5461,8.4591,5.2458,0.0864,4.8354,0.0,1.0,1.0,0,,,0.0924
2.4971,8.5439,5.5447,0.1272,2.757,0.0145,0.3387,0.9982,0,,,0.126
2.4591,8.5452,5.1594,0.1481,2.5659,0.0,1.0,1.0,0,,,0.1493
2.5992,8.5211,5.1355,0.0723,9.2744,0.0,1.0,1.0,0,,,0.0633
2.546,10.7011,18.8648,0.1862,4.9163,0.0,1.0,1.0,0,,,0.1111
2.6268,8.5249,5.084,0.0544,14.3452,0.0,1.0,1.0,0,,,0.0499
2.5698,8.5174,4.7605,0.0895,5.9427,0.0,1.0,1.0,0,,,0.0802
2.5856,8.5289,5.2685,0.078,7.2274,0.0,1.0,1.0,0,,,0.0735
2.5656,8.5465,5.1904,0.1039,4.7334,0.0,1.0,1.0,0,,,0.094
2.582,8.5283,5.3044,0.0816,7.6534,0.0,1.0,1.0,0,,,0.0693
2.5171,10.3058,8.0066,0.1452,4.9058,0.0,1.0,1.0,0,,,0.1118
2.468,8.5136,5.06,0.1576,2.1152,0.0,1.0,1.0,0,,,0.1498
2.5335,8.7478,6.0422,0.1102,5.6156,0.0,1.0,1.0,0,,,0.1036
2.6137,8.5426,5.2612,0.0688,10.0406,0.0,1.0,1.0,0,,,0.0601
2.4752,8.5501,4.6353,0.1583,2.2411,0.0,1.0,1.0,0,,,0.1362
2.4961,8.5535,5.0409,0.1551,2.7616,0.0,1.0,1.0,0,,,0.1268
2.5602,8.5175,5.3117,0.0902,5.2136,0.0,1.0,1.0,0,,,0.0886
2.5539,8.5147,4.9715,0.0972,4.9834,0.0,1.0,1.0,0,,,0.0878
2.5552,8.4963,5.0151,0.1066,5.0802,0.0,1.0,1.0,0,,,0.0924
2.4607,8.5273,5.2143,0.1556,2.0748,0.0,1.0,1.0,0,,,0.1443
2.5798,8.5074,5.1919,0.0729,7.3994,0.0,1.0,1.0,0,,,0.0716
2.5861,8.5157,5.2639,0.08,6.5824,0.0,1.0,1.0,0,,,0.0764
2.5146,8.5346,4.6392,0.1194,3.4617,0.0,1.0,1.0,0,,,0.1075
2.5712,8.549,5.1407,0.0924,6.0303,0.0,1.0,1.0,0,,,0.081
2.5295,10.2295,8.6634,0.1828,5.1892,0.0,1.0,1.0,0,,,0.1102
2.6082,8.5283,5.2648,0.0759,9.1509,0.0,1.0,1.0,0,,,0.0644
2.578,8.561,5.0976,0.0854,6.3953,0.0,1.0,1.0,0,,,0.0791
2.5066,8.5367,4.6959,0.137,2.8161,0.0,1.0,1.0,0,,,0.1269
2.6176,8.5484,5.1836,0.0647,11.8399,0.0,1.0,1.0,0,,,0.055
2.6024,8.4742,5.2312,0.0558,10.5678,0.0,1.0,1.0,0,,,0.0588
2.5904,8.5186,5.1932,0.0786,7.2638,0.0,1.0,1.0,0,,,0.0729
2.4951,8.5253,5.1338,0.1434,2.7585,0.0,1.0,1.0,0,,,0.1229
2.6081,8.5052,5.2698,0.0628,10.2098,0.0,1.0,1.0,0,,,0.0599
2.5271,8.5992,4.9446,0.1351,3.4951,0.0,1.0,1.0,0,,,0.1086
2.6079,8.5192,5.1253,0.0669,9.9539,0.0,1.0,1.0,0,,,0.062
2.5228,8.5661,5.0526,0.1444,3.015,0.0,1.0,1.0,0,,,0.1229
2.5663,8.4996,5.159,0.0792,5.9698,0.0,1.0,1.0,0,,,0.0807
2.553,8.5782,5.5465,0.0975,4.7813,0.0,1.0,1.0,0,,,0.0932
2.5922,8.5237,5.4135,0.0766,8.7032,0.0,1.0,1.0,0,,,0.0662
2.5062,8.5445,4.6481,0.1408,2.919,0.0,1.0,1.0,0,,,0.1234
2.4856,8.5275,4.9505,0.1405,2.5471,0.0,1.0,1.0,0,,,0.1374
2.4898,8.5612,4.6994,0.1564,2.8295,0.0,1.0,1.0,0,,,0.123
2.5554,8.5559,5.1538,0.1046,4.6314,0.0,1.0,1.0,0,,,0.0935
2.5938,8.5167,5.3263,0.0694,8.9607,0.0,1.0,1.0,0,,,0.0647
2.4483,8.5394,4.7366,0.1599,1.94,0.0,1.0,1.0,0,,,0.1496
2.5359,8.5754,5.0273,0.1234,3.7492,0.0,1.0,1.0,0,,,0.1054
2.5378,8.5819,4.8315,0.1239,4.1598,0.0,1.0,1.0,0,,,0.0967
2.471,10.2236,8.4748,0.2053,2.4857,0.0006,0.7613,1.0,0,,,0.1623
2.5673,8.5367,4.6294,0.0921,5.7824,0.0,1.0,1.0,0,,,0.0819
2.6184,8.5273,5.2065,0.0561,11.4837,0.0,1.0,1.0,0,,,0.0564
2.6054,8.5209,5.3129,0.06,10.6918,0.0,1.0,1.0,0,,,0.0577
2.5949,8.5129,5.2069,0.0748,7.9701,0.0,1.0,1.0,0,,,0.0692
2.4966,8.5239,4.71,0.1363,2.9272,0.0,1.0,1.0,0,,,0.1269
2.5832,8.5159,5.1688,0.0778,8.0309,0.0,1.0,1.0,0,,,0.0678
2.6032,8.6166,5.8207,0.0752,9.9776,0.0,1.0,1.0,0,,,0.0602
2.5358,8.5395,5.1654,0.1068,3.8516,0.0,1.0,1.0,0,,,0.1059
2.5995,8.5373,5.1959,0.0721,8.9059,0.0,1.0,1.0,0,,,0.0652
2.4869,10.3146,10.0619,0.1806,3.5914,0.0,1.0,1.0,0,,,0.1337
2.4679,8.5831,5.0831,0.1548,2.238,0.0,1.0,1.0,0,,,0.1424
2.5819,8.5354,5.2794,0.0856,7.6318,0.0,1.0,1.0,0,,,0.0694
2.5424,8.5389,4.9636,0.1329,4.8136,0.0,1.0,1.0,0,,,0.089
2.4903,8.514,4.8526,0.1583,2.6655,0.0,1.0,1.0,0,,,0.1249
2.5795,8.5164,5.1221,0.0847,6.2723,0.0,1.0,1.0,0,,,0.0797
2.5287,8.5509,4.8264,0.1434,3.0921,0.0,1.0,1.0,0,,,0.1189
2.4895,8.5346,4.8559,0.1569,2.8917,0.0,1.0,1.0,0,,,0.1195
2.5295,8.5796,5.0657,0.122,3.6478,0.0,1.0,1.0,0,,,0.1082
2.6063,8.5052,5.0993,0.0722,11.3665,0.0,1.0,1.0,0,,,0.0555
2.4329,8.8509,5.7217,0.1986,2.361,0.0,1.0,1.0,0,,,0.1724
2.5396,8.5039,4.4545,0.1135,4.8874,0.0,1.0,1.0,0,,,0.0899
2.5469,8.5313,4.7076,0.1049,5.4215,0.0,1.0,1.0,0,,,0.0825
2.5014,8.5286,5.0593,0.1347,3.1688,0.0,1.0,1.0,0,,,0.1149
2.5865,8.5102,5.2229,0.076,7.375,0.0,1.0,1.0,0,,,0.0723
2.503,8.548,5.3046,0.1232,3.0147,0.0,1.0,1.0,0,,,0.1238
2.5951,8.5125,5.2723,0.0729,7.9514,0.0,1.0,1.0,0,,,0.0687
2.4977,8.5347,4.8894,0.1459,2.5921,0.0,1.0,1.0,0,,,0.132
2.5206,8.5392,5.1057,0.1389,3.2933,0.0,1.0,1.0,0,,,0.1122
2.5942,8.5197,5.2705,0.0754,8.0939,0.0,1.0,1.0,0,,,0.069
2.5617,8.5389,5.1402,0.1039,5.8539,0.0,1.0,1.0,0,,,0.082
2.5177,8.5318,5.1925,0.1259,3.4347,0.0,1.0,1.0,0,,,0.109
2.3945,9.0672,6.652,0.1969,1.8454,0.0,1.0,1.0,0,,,0.1927
2.5048,8.5412,5.5799,0.1162,4.0722,0.0,1.0,1.0,0,,,0.1188
2.5732,8.4954,5.0888,0.0918,6.3797,0.0,1.0,1.0,0,,,0.0801
2.4861,8.5148,4.7988,0.1407,2.5223,0.0,1.0,1.0,0,,,0.1333
2.6212,8.5154,5.1872,0.0543,13.9588,0.0,1.0,1.0,0,,,0.0512
2.6139,8.4906,5.2654,0.0585,11.4977,0.0,1.0,1.0,0,,,0.0567
2.5994,8.5335,5.2096,0.0674,8.5779,0.0,1.0,1.0,0,,,0.0654
2.6173,8.4971,5.2808,0.0533,12.676,0.0,1.0,1.0,0,,,0.0527
2.5049,8.5482,5.2074,0.1295,2.9988,0.0,1.0,1.0,0,,,0.1253
2.6093,8.5109,5.0905,0.0605,10.803,0.0,1.0,1.0,0,,,0.0592
2.608,8.4904,5.3461,0.0683,11.8667,0.0,1.0,1.0,0,,,0.0551
2.5306,8.4895,5.0093,0.1044,3.9692,0.0,1.0,1.0,0,,,0.1036
2.5151,8.4834,5.0844,0.1391,2.9815,0.0,1.0,1.0,0,,,0.1215
2.603,8.4829,5.2252,0.0579,10.795,0.0,1.0,1.0,0,,,0.0581
2.507,8.5427,4.9466,0.1362,2.9256,0.0,1.0,1.0,0,,,0.1252
2.5522,8.5024,5.1625,0.0928,4.8918,0.0,1.0,1.0,0,,,0.0899
2.5934,8.5172,5.259,0.0788,7.7576,0.0,1.0,1.0,0,,,0.0707
2.5419,8.5625,5.2757,0.1193,3.8372,0.0,1.0,1.0,0,,,0.1085
2.4704,8.5178,4.8026,0.1472,2.3753,0.0,1.0,1.0,0,,,0.1317
2.4499,8.5412,4.798,0.1658,1.9432,0.0,1.0,1.0,0,,,0.1486
2.5215,8.4905,4.8995,0.1218,3.5329,0.0,1.0,1.0,0,,,0.112
2.4867,8.5262,4.6749,0.1482,2.4543,0.0,1.0,1.0,0,,,0.1344
2.5075,8.5431,4.7188,0.1395,2.9668,0.0,1.0,1.0,0,,,0.1209
2.4921,8.5338,4.7591,0.1384,2.6089,0.0,1.0,1.0,0,,,0.1308
2.5256,8.5943,5.2443,0.1333,3.7766,0.0,1.0,1.0,0,,,0.1049
2.5438,8.5037,5.0087,0.1217,3.8937,0.0,1.0,1.0,0,,,0.1086
2.6184,8.5159,5.0628,0.0616,11.5418,0.0,1.0,1.0,0,,,0.0568
2.5912,8.5263,5.4249,0.0723,8.0302,0.0,1.0,1.0,0,,,0.0687
2.6163,8.5491,5.3973,0.075,11.1744,0.0,1.0,1.0,0,,,0.0566
2.5977,8.5319,5.3506,0.0762,8.2591,0.0,1.0,1.0,0,,,0.0681
2.6027,8.5138,5.108,0.0744,10.8988,0.0,1.0,1.0,0,,,0.0582
2.5991,8.5131,5.1817,0.0709,9.2309,0.0,1.0,1.0,0,,,0.0629
2.5141,8.4998,5.213,0.1326,3.4298,0.0,1.0,1.0,0,,,0.1094
2.4661,8.5249,4.8147,0.146,2.3482,0.0,1.0,1.0,0,,,0.1419
2.6208,8.5458,5.2798,0.067,11.4091,0.0,1.0,1.0,0,,,0.0559
2.5832,8.5214,5.2675,0.0772,7.3395,0.0,1.0,1.0,0,,,0.0712
2.5829,8.511,5.5112,0.0842,7.5116,0.0,1.0,1.0,0,,,0.0718
2.5209,8.5495,5.0965,0.1267,3.402,0.0,1.0,1.0,0,,,0.1097
2.5105,8.4948,5.1964,0.1134,3.405,0.0,1.0,1.0,0,,,0.1138
2.5171,8.4984,5.1653,0.1417,3.0451,0.0,1.0,1.0,0,,,0.121
2.5869,8.5515,5.2495,0.0842,6.4822,0.0,1.0,1.0,0,,,0.0786
2.5894,8.5065,5.2328,0.0753,8.6977,0.0,1.0,1.0,0,,,0.0662
2.5735,8.5245,4.7579,0.0935,5.8931,0.0,1.0,1.0,0,,,0.0805
2.4941,8.703,5.3864,0.1431,2.7081,0.0,1.0,1.0,0,,,0.13
2.4537,10.2811,10.1934,0.1812,2.3852,0.037,0.2616,0.9936,0,,,0.1661
2.5763,8.5079,5.3223,0.0797,7.0336,0.0003,0.7726,1.0,0,,,0.0737
2.5279,8.519,5.1297,0.1236,3.4401,0.0,1.0,1.0,0,,,0.1147
2.6154,8.5499,5.2741,0.0655,10.7924,0.0,1.0,1.0,0,,,0.058
2.5432,8.51,4.9381,0.1047,4.4729,0.0,1.0,1.0,0,,,0.0929
2.5107,8.5436,5.1231,0.1308,3.0526,0.0,1.0,1.0,0,,,0.1201
2.5916,8.5052,5.2697,0.0734,7.9476,0.0,1.0,1.0,0,,,0.0688
2.5508,8.4998,5.0151,0.1073,4.9331,0.0,1.0,1.0,0,,,0.0902
2.5562,8.5159,4.9517,0.0971,4.6577,0.0,1.0,1.0,0,,,0.0913
2.5109,8.4951,4.7625,0.1228,3.3056,0.0,1.0,1.0,0,,,0.1146
2.578,8.4906,5.1478,0.0841,5.8653,0.0,1.0,1.0,0,,,0.0817
2.4622,8.9303,6.2326,0.1604,2.7628,0.0,1.0,1.0,0,,,0.1522
2.6095,8.5151,5.1024,0.0622,11.0206,0.0,1.0,1.0,0,,,0.0578
2.4401,8.5821,5.138,0.1667,1.8716,0.0,1.0,1.0,0,,,0.1573
2.5091,10.1892,7.594,0.1906,3.4676,0.0,1.0,1.0,0,,,0.1349
2.4948,8.5093,4.6623,0.1427,2.7025,0.0,1.0,1.0,0,,,0.132
2.6228,8.4908,5.2327,0.0572,13.668,0.0,1.0,1.0,0,,,0.0519
2.4897,8.9073,6.7476,0.1521,3.6012,0.0,1.0,1.0,0,,,0.1328
2.5314,8.4905,4.2956,0.1181,4.1852,0.0,1.0,1.0,0,,,0.0974
2.548,8.5074,4.8056,0.1082,4.2214,0.0,1.0,1.0,0,,,0.0973
2.5906,8.4901,5.0441,0.0649,8.6721,0.0,1.0,1.0,0,,,0.0668
2.5156,8.4948,5.0484,0.1217,3.112,0.0,1.0,1.0,0,,,0.1172
2.4553,8.4995,4.6518,0.1623,2.039,0.0,1.0,1.0,0,,,0.1508
2.5338,8.5456,5.2843,0.1249,3.4049,0.0,1.0,1.0,0,,,0.113
2.5718,8.5226,4.9624,0.1033,5.9704,0.0,1.0,1.0,0,,,0.0839
2.5407,8.6639,5.6188,0.1084,5.9838,0.0,1.0,1.0,0,,,0.1001
2.5474,8.4939,4.6966,0.0945,4.6931,0.0,1.0,1.0,0,,,0.0923
2.4912,10.2151,8.4264,0.204,3.5176,0.0,1.0,1.0,0,,,0.1355
2.5743,8.5138,5.1556,0.0906,5.9899,0.0,1.0,1.0,0,,,0.0813
2.5077,8.5099,4.7669,0.1363,2.6981,0.0,1.0,1.0,0,,,0.1263
2.4951,8.4972,5.421,0.1259,3.675,0.0,1.0,1.0,0,,,0.1261
2.4741,8.5653,4.7874,0.1577,2.5374,0.0,1.0,1.0,0,,,0.1291
2.4726,8.5175,4.9987,0.1609,2.3713,0.0,1.0,1.0,0,,,0.1325
2.5513,8.5484,4.9624,0.0937,4.8588,0.0,1.0,1.0,0,,,0.088
2.5589,8.4972,5.1094,0.0956,5.0339,0.0,1.0,1.0,0,,,0.0892
2.5293,8.536,5.0155,0.1196,3.5694,0.0,1.0,1.0,0,,,0.1097
2.5842,8.5248,5.4187,0.0836,7.5902,0.0,1.0,1.0,0,,,0.0695
2.6083,8.5125,5.1384,0.0608,10.7787,0.0,1.0,1.0,0,,,0.0594
2.5931,8.515,5.3502,0.0729,9.3428,0.0,1.0,1.0,0,,,0.0629
2.5903,8.5513,5.1843,0.0748,8.5449,0.0,1.0,1.0,0,,,0.0676
2.4983,8.5403,4.853,0.1495,3.075,0.0,1.0,1.0,0,,,0.1142
2.4934,8.553,4.8,0.1493,2.5389,0.0,1.0,1.0,0,,,0.1344
2.5243,8.5003,5.0986,0.1289,3.2553,0.0,1.0,1.0,0,,,0.1163
2.5305,8.5561,5.1518,0.1154,3.8002,0.0,1.0,1.0,0,,,0.1067
2.5774,8.5283,5.2443,0.0868,6.5669,0.0,1.0,1.0,0,,,0.0783
2.4978,8.5641,4.7034,0.1444,2.73,0.0,1.0,1.0,0,,,0.1254
2.5038,8.5754,4.9533,0.1597,2.9548,0.0,1.0,1.0,0,,,0.1188
2.6088,8.5367,5.7123,0.0663,10.5799,0.0,1.0,1.0,0,,,0.0584
2.4913,8.6197,5.3807,0.1481,2.6814,0.0,1.0,1.0,0,,,0.1303
2.5375,8.5075,5.2459,0.102,4.0395,0.0104,0.3851,0.9988,0,,,0.1017
2.5759,8.5312,4.9173,0.0996,6.6076,0.0,1.0,1.0,0,,,0.0755
2.4997,8.549,5.1887,0.1598,2.6619,0.0,1.0,1.0,0,,,0.127
2.5818,8.5286,5.1103,0.0856,7.8746,0.0,1.0,1.0,0,,,0.0698
2.5611,8.531,4.7915,0.1022,4.8876,0.0,1.0,1.0,0,,,0.0895
2.4425,8.8865,6.0855,0.1782,2.4179,0.0,1.0,1.0,0,,,0.1639
2.5676,8.5306,5.1547,0.0879,5.5829,0.0,1.0,1.0,0,,,0.0838
2.5541,8.5337,5.1252,0.0961,4.7588,0.0,1.0,1.0,0,,,0.0916
2.4512,8.5884,5.0476,0.1707,2.0294,0.0,1.0,1.0,0,,,0.1504
2.5101,8.5305,5.2106,0.1354,3.1108,0.0,1.0,1.0,0,,,0.1189
2.593,8.503,4.8816,0.0854,7.2351,0.0,1.0,1.0,0,,,0.0756
2.5343,8.5338,4.9335,0.108,4.2163,0.0,1.0,1.0,0,,,0.0965
2.6424,8.5064,5.2589,0.0507,18.3827,0.0,0.0,-999.25,0,,,0.0421
2.5941,8.5165,5.1877,0.0702,7.8791,0.0,0.9456,1.0,0,,,0.0704
2.4893,8.5128,4.9649,0.1574,2.6005,0.0,1.0,1.0,0,,,0.128
2.4649,8.5788,4.7103,0.168,2.2244,0.0,1.0,1.0,0,,,0.1373
2.6047,8.516,5.1564,0.0765,8.7894,0.0,1.0,1.0,0,,,0.066
2.4796,10.2956,10.041,0.2084,3.1997,0.0,1.0,1.0,0,,,0.1419
2.555,8.5102,4.7479,0.0972,4.6208,0.0,1.0,1.0,0,,,0.0926
2.5965,8.4929,5.2806,0.0612,9.4305,0.0,1.0,1.0,0,,,0.0629
2.4996,8.5144,4.6285,0.1359,2.861,0.0,1.0,1.0,0,,,0.1199
2.5664,8.5156,4.6834,0.0884,5.7541,0.0,1.0,1.0,0,,,0.0819
2.4439,8.4876,5.2311,0.1502,2.4426,0.0,1.0,1.0,0,,,0.1529
2.4997,8.5237,5.2364,0.1422,2.9165,0.0,1.0,1.0,0,,,0.12
2.5205,8.483,5.1461,0.1227,3.5321,0.0,1.0,1.0,0,,,0.1087
2.4992,8.5539,5.0145,0.1362,2.7257,0.0,1.0,1.0,0,,,0.1291
2.5477,8.5065,4.8846,0.1055,4.4224,0.0,1.0,1.0,0,,,0.0996
2.4721,8.5294,4.7688,0.1571,2.3,0.0,1.0,1.0,0,,,0.1348
2.5882,8.5208,5.257,0.0804,7.1781,0.0,1.0,1.0,0,,,0.0725
2.5323,8.5649,5.0184,0.1345,3.4449,0.0,1.0,1.0,0,,,0.1113
2.464,8.5392,4.8012,0.1506,2.4265,0.0,1.0,1.0,0,,,0.132
2.5885,8.4935,5.1499,0.0684,8.3879,0.0,1.0,1.0,0,,,0.0675
2.5391,8.4674,5.2667,0.0999,4.0885,0.0158,0.3174,0.9977,0,,,0.1013
2.5354,8.5384,4.7025,0.1277,3.2139,0.0,1.0,1.0,0,,,0.1144
2.6011,8.5353,5.0976,0.075,8.7865,0.0,1.0,1.0,0,,,0.0646
2.5858,8.5245,5.2547,0.0765,7.2021,0.0,1.0,1.0,0,,,0.0732
2.5644,8.5256,5.1903,0.091,5.618,0.0,1.0,1.0,0,,,0.0842
2.6046,8.5129,5.0356,0.0686,11.3032,0.0,1.0,1.0,0,,,0.0557
2.4417,8.8694,5.615,0.1798,2.5334,0.0,1.0,1.0,0,,,0.1652
2.4972,8.4904,4.7416,0.1398,2.7683,0.0,1.0,1.0,0,,,0.1321
2.4942,8.5281,4.7761,0.1447,2.4675,0.0,1.0,1.0,0,,,0.1354
2.5294,8.5397,5.3031,0.1151,3.5383,0.0,1.0,1.0,0,,,0.1104
2.4529,8.7149,5.9359,0.1748,2.8611,0.0,1.0,1.0,0,,,0.1519
2.4741,8.5511,5.4979,0.155,2.0633,0.0,1.0,1.0,0,,,0.1485
2.6005,8.5436,5.0888,0.0788,8.3404,0.0,1.0,1.0,0,,,0.0671
2.5716,8.5506,5.0494,0.0849,5.9869,0.0,1.0,1.0,0,,,0.0817
2.5471,8.5288,5.2131,0.0993,4.8015,0.0,1.0,1.0,0,,,0.0913
2.577,8.5232,5.3514,0.0762,6.6085,0.0,1.0,1.0,0,,,0.0763
2.4708,8.5435,4.7503,0.1502,2.3042,0.0,1.0,1.0,0,,,0.1339
2.4729,8.669,6.7179,0.1364,3.4292,0.0,1.0,1.0,0,,,0.1378
2.5008,8.5461,4.7089,0.1405,2.6709,0.0,1.0,1.0,0,,,0.1304
2.4855,8.5167,4.8233,0.141,2.3541,0.0,0.9097,1.0,0,,,0.1365
2.6374,8.5422,5.0241,0.058,15.7081,0.0,1.0,1.0,0,,,0.0474
2.5944,8.5323,5.0908,0.0735,7.7578,0.0,1.0,1.0,0,,,0.0706
2.5389,8.5238,4.5277,0.1271,4.9037,0.0,1.0,1.0,0,,,0.0894
2.4788,8.5566,5.113,0.1522,2.3117,0.0,1.0,1.0,0,,,0.1428
2.6217,8.5662,5.2962,0.0698,13.4906,0.0,1.0,1.0,0,,,0.0508
2.5805,8.5091,5.3245,0.0865,6.5256,0.0,1.0,1.0,0,,,0.0787
2.5071,8.5256,5.0262,0.1272,2.8508,0.0,1.0,1.0,0,,,0.1217
2.4974,8.5085,5.1834,0.128,2.955,0.0,1.0,1.0,0,,,0.1188
2.5887,8.5279,5.0284,0.0852,6.8492,0.0,1.0,1.0,0,,,0.0752
2.5604,8.6718,5.8173,0.1094,5.0062,0.0,1.0,1.0,0,,,0.0919
2.5899,8.5435,5.1954,0.0921,8.5483,0.0,1.0,1.0,0,,,0.0654
2.4228,8.482,5.0377,0.1555,2.152,0.0,0.9548,1.0,0,,,0.1641
2.4754,8.5667,4.8027,0.1572,2.3151,0.0,1.0,1.0,0,,,0.1388
2.5218,8.4982,5.0234,0.1262,3.4391,0.0,1.0,1.0,0,,,0.1147
2.5596,8.506,5.2353,0.096,5.6547,0.0,1.0,1.0,0,,,0.0824
2.6058,8.5176,5.1751,0.0759,8.4669,0.0,1.0,1.0,0,,,0.0671
2.592,8.483,5.1394,0.0681,8.8053,0.0,1.0,1.0,0,,,0.0651
2.5319,8.5116,5.2829,0.1163,4.0217,0.0,1.0,1.0,0,,,0.1029
2.5921,8.5427,5.8684,0.0702,8.1854,0.0,1.0,1.0,0,,,0.0674
2.5454,8.5267,4.9475,0.1142,4.1915,0.0,1.0,1.0,0,,,0.1036
2.4979,8.5,4.7887,0.1403,2.9048,0.0,1.0,1.0,0,,,0.1237
2.5993,8.5023,5.094,0.0595,9.7775,0.0,1.0,1.0,0,,,0.0621
2.5432,8.5196,5.3331,0.1022,4.656,0.0,1.0,1.0,0,,,0.0963
2.4776,8.536,5.2275,0.1371,2.5807,0.0,1.0,1.0,0,,,0.1374
2.5684,8.6531,5.6519,0.1174,5.5606,0.0,1.0,1.0,0,,,0.0866
2.55,8.5014,5.0581,0.1046,4.6533,0.0,1.0,1.0,0,,,0.0963
2.4668,8.5368,5.3227,0.1662,2.1516,0.0,1.0,1.0,0,,,0.1415
2.5551,8.5438,5.5467,0.0963,5.1657,0.0,1.0,1.0,0,,,0.0886
2.6006,8.5093,5.1897,0.0752,10.1138,0.0,1.0,1.0,0,,,0.0592
2.5084,8.5641,4.7906,0.1457,2.6232,0.0,1.0,1.0,0,,,0.1312
2.5854,8.5217,5.1404,0.0798,6.8001,0.0,1.0,1.0,0,,,0.0768
2.537,8.513,4.7479,0.1274,3.9096,0.0,1.0,1.0,0,,,0.1032
2.5456,8.5464,5.026,0.1067,4.6336,0.0,1.0,1.0,0,,,0.0913
2.5083,8.5527,5.21,0.1336,2.7537,0.0,1.0,1.0,0,,,0.1251
2.5732,8.5103,5.0094,0.1013,6.0462,0.0,1.0,1.0,0,,,0.0834
2.5322,8.5134,4.764,0.1349,3.7437,0.0,1.0,1.0,0,,,0.1051
2.5583,8.5505,5.3729,0.0995,5.1687,0.0,1.0,1.0,0,,,0.0885
2.4488,8.5651,5.27,0.1675,1.9478,0.0,1.0,1.0,0,,,0.1556
2.5443,8.4947,5.1224,0.1191,4.1692,0.0,1.0,1.0,0,,,0.0997
2.6235,8.5048,5.2335,0.0566,13.6405,0.0,1.0,1.0,0,,,0.0519
2.4819,8.5694,4.7189,0.1483,2.3444,0.0,1.0,1.0,0,,,0.14
2.4714,8.5546,4.6807,0.1508,2.2441,0.0,1.0,1.0,0,,,0.1388
2.4731,8.902,5.5327,0.1512,3.1356,0.0,1.0,1.0,0,,,0.1459
2.4917,8.5264,5.3341,0.1337,2.5933,0.0,1.0,1.0,0,,,0.1335
2.5155,8.5453,4.9133,0.1349,3.5828,0.0,1.0,1.0,0,,,0.1061
2.4903,8.5652,4.8582,0.1541,2.8465,0.0,1.0,1.0,0,,,0.1244
2.593,8.5268,5.2671,0.0826,7.8952,0.0,1.0,1.0,0,,,0.069
2.6009,8.5201,5.0753,0.0762,10.178,0.0,1.0,1.0,0,,,0.0594
2.639,8.5541,5.2478,0.0579,14.7313,0.0,1.0,1.0,0,,,0.0486
2.5724,8.547,5.1477,0.089,6.6191,0.0,1.0,1.0,0,,,0.0759
2.595,8.506,5.1152,0.0627,9.4817,0.0,1.0,1.0,0,,,0.0638
2.5072,8.6086,5.153,0.1359,2.8148,0.0,1.0,1.0,0,,,0.1266
2.6126,8.5386,5.0689,0.0713,9.4828,0.0,1.0,1.0,0,,,0.0623
2.5736,8.5142,5.013,0.1009,6.1783,0.0,1.0,1.0,0,,,0.0822
2.4872,8.5417,4.7835,0.1638,2.7971,0.0,1.0,1.0,0,,,0.1216
2.4698,8.5459,4.7267,0.1486,2.1629,0.0,1.0,1.0,0,,,0.144
2.6149,8.5371,5.1575,0.0637,11.3455,0.0,1.0,1.0,0,,,0.0563
2.4795,8.6828,6.1261,0.1482,3.2706,0.0,1.0,1.0,0,,,0.1426
2.5844,8.4911,5.0691,0.0692,7.5978,0.0,1.0,1.0,0,,,0.0708
2.5708,8.5084,5.1389,0.0815,6.0828,0.0,1.0,1.0,0,,,0.0804
2.6147,8.5084,5.291,0.0553,11.8962,0.0,1.0,1.0,0,,,0.0546
2.595,8.5095,5.2991,0.0674,8.2447,0.0,1.0,1.0,0,,,0.0668
2.4861,8.5712,4.8332,0.1332,2.6516,0.0,1.0,1.0,0,,,0.1305
2.4926,8.5747,4.7716,0.1463,2.5903,0.0,1.0,1.0,0,,,0.1323
2.5638,8.5177,5.1524,0.097,5.0796,0.0,1.0,1.0,0,,,0.0892
2.6042,8.5358,5.1654,0.0744,10.1051,0.0,1.0,1.0,0,,,0.0603
2.4739,8.5608,4.8872,0.1544,2.2162,0.0,1.0,1.0,0,,,0.138
2.5929,8.5367,5.2302,0.0771,8.002,0.0,1.0,1.0,0,,,0.0696
2.6158,8.5176,5.2614,0.0614,10.6048,0.0,1.0,1.0,0,,,0.059
2.5464,8.529,4.9961,0.1191,3.9211,0.0,1.0,1.0,0,,,0.1071
2.5958,8.5193,5.2078,0.0729,8.1999,0.0,1.0,1.0,0,,,0.0683
2.5728,8.5318,4.6027,0.1002,6.2097,0.0,1.0,1.0,0,,,0.0793
2.5101,8.5199,4.9746,0.1327,3.0851,0.0,1.0,1.0,0,,,0.1231
2.5265,8.5533,5.7341,0.1213,3.3263,0.0,1.0,1.0,0,,,0.1142
2.6268,8.5259,5.1776,0.0682,19.1873,0.0,1.0,1.0,0,,,0.0422
2.6253,8.5203,5.2711,0.0672,18.1467,0.0,1.0,1.0,0,,,0.0435
2.4889,8.5365,4.7205,0.1547,2.2876,0.0,1.0,1.0,0,,,0.1414
2.5767,8.5316,5.2367,0.0927,6.3215,0.0,1.0,1.0,0,,,0.0799
2.5187,8.4874,5.1289,0.1386,3.0698,0.0,1.0,1.0,0,,,0.1201
2.5679,8.5402,4.9087,0.103,5.8385,0.0,1.0,1.0,0,,,0.0818
2.5722,8.5007,5.1742,0.0846,5.3831,0.0,1.0,1.0,0,,,0.0846
2.5295,8.5519,4.7519,0.1258,3.5427,0.0,1.0,1.0,0,,,0.1092
2.6166,8.5167,5.2747,0.0592,15.6173,0.0,1.0,1.0,0,,,0.0475
2.5041,8.5502,4.7977,0.1358,2.8791,0.0,1.0,1.0,0,,,0.1219
2.5661,8.47,4.8891,0.0878,6.2004,0.0,1.0,1.0,0,,,0.0792
2.4736,8.5224,5.2198,0.1436,2.2852,0.0,1.0,1.0,0,,,0.1432
2.597,8.4655,5.4216,0.0557,10.1104,0.0,1.0,1.0,0,,,0.0601
2.5672,8.4803,5.13,0.0934,5.4939,0.0,1.0,1.0,0,,,0.0847
2.5939,8.565,5.078,0.094,7.2127,0.0,1.0,1.0,0,,,0.0733
2.6246,8.5223,5.0719,0.0575,12.7547,0.0,1.0,1.0,0,,,0.0532
2.4906,10.3199,10.3921,0.1867,3.3326,0.0,1.0,1.0,0,,,0.1379
2.6412,8.5469,5.0717,0.0506,18.1857,0.0,1.0,1.0,0,,,0.0434
2.5534,8.4974,4.7661,0.097,4.543,0.0,1.0,1.0,0,,,0.0934
2.5294,8.5055,5.0023,0.1168,3.795,0.0,1.0,1.0,0,,,0.1046
2.6009,8.4912,5.1707,0.0533,10.2669,0.0,1.0,1.0,0,,,0.06
2.5097,8.5231,4.6519,0.1335,2.8969,0.0,1.0,1.0,0,,,0.1245
2.4301,8.899,6.0113,0.1773,2.2106,0.0,1.0,1.0,0,,,0.1722
2.5189,8.5953,5.2456,0.1402,3.3742,0.0,1.0,1.0,0,,,0.1103
2.5207,8.5941,5.1201,0.1503,3.7546,0.0,1.0,1.0,0,,,0.1022
2.4514,8.6559,5.8492,0.1601,1.9016,0.0,1.0,1.0,0,,,0.1583
2.5047,8.5236,4.7037,0.1252,2.939,0.0,1.0,1.0,0,,,0.1195
2.5501,8.5505,5.282,0.1066,4.0159,0.0,1.0,1.0,0,,,0.1008
2.5882,8.4957,5.3468,0.0765,7.0244,0.0,1.0,1.0,0,,,0.0746
2.5312,8.5337,5.0756,0.1288,3.5102,0.0,1.0,1.0,0,,,0.1101
2.616,8.5205,5.15,0.073,9.9636,0.0,1.0,1.0,0,,,0.0607
2.6155,8.5337,5.2397,0.0649,13.255,0.0,1.0,1.0,0,,,0.051
2.6199,8.5476,5.1766,0.0711,10.8263,0.0,1.0,1.0,0,,,0.0577
2.4732,8.5443,4.5385,0.1479,2.1877,0.0,1.0,1.0,0,,,0.1381
2.5312,8.5093,4.8162,0.1229,3.5298,0.0,1.0,1.0,0,,,0.1144
2.6122,8.5338,5.172,0.0725,10.0043,0.0,1.0,1.0,0,,,0.0605
2.5727,8.519,4.9195,0.0987,5.6177,0.0,1.0,1.0,0,,,0.088
2.5694,8.5118,5.4997,0.0841,6.2184,0.0,1.0,1.0,0,,,0.0798
2.5923,8.5267,5.138,0.0798,8.3328,0.0,1.0,1.0,0,,,0.0665
2.5124,8.5229,5.1735,0.1229,3.0717,0.0,1.0,1.0,0,,,0.1178
2.5322,8.4961,4.613,0.1164,3.5515,0.0,1.0,1.0,0,,,0.1074
2.4972,8.5412,4.6723,0.1353,2.7337,0.0,1.0,1.0,0,,,0.1249
2.5934,8.5182,5.2649,0.0665,8.3139,0.0,1.0,1.0,0,,,0.0671
2.565,8.5437,5.2044,0.0905,5.4839,0.0,1.0,1.0,0,,,0.0854
2.57,8.4993,5.5307,0.081,6.5441,0.001,0.6623,0.9999,0,,,0.0781
2.5884,8.5265,5.0979,0.0931,8.6041,0.0,1.0,1.0,0,,,0.0661
2.5164,8.5252,4.8326,0.1247,3.4109,0.0,1.0,1.0,0,,,0.1182
2.503,10.3615,9.649,0.1513,3.5327,0.0013,0.681,0.9999,0,,,0.1335
2.5898,8.5418,5.3469,0.0777,7.4439,0.0,1.0,1.0,0,,,0.071
2.5532,8.512,4.8554,0.1103,4.488,0.0,1.0,1.0,0,,,0.0991
2.5628,8.5174,4.982,0.0994,5.3494,0.0,1.0,1.0,0,,,0.0893
2.4888,8.5321,4.7906,0.1469,2.5895,0.004,0.5589,0.9997,0,,,0.1321
2.5653,8.5255,5.233,0.098,6.1029,0.0,1.0,1.0,0,,,0.0789
2.4771,8.5546,5.0898,0.1622,2.4379,0.0,1.0,1.0,0,,,0.1322
2.6278,8.5147,5.6115,0.0526,17.5982,0.0,1.0,1.0,0,,,0.0438
2.5326,8.542,5.1307,0.1284,3.5426,0.0,1.0,1.0,0,,,0.114
2.5151,8.4986,5.1431,0.1324,3.0762,0.0,1.0,1.0,0,,,0.1205
2.4582,8.5301,5.1519,0.1492,2.0694,0.0,1.0,1.0,0,,,0.1514
2.522,8.8356,6.502,0.1481,4.6891,0.0,1.0,1.0,0,,,0.116
2.5359,8.5315,4.5385,0.1198,3.9906,0.0,1.0,1.0,0,,,0.1029
2.5516,8.5255,5.3694,0.1014,5.1901,0.0,1.0,1.0,0,,,0.0863
2.5039,8.5097,4.7009,0.1421,2.6523,0.0,1.0,1.0,0,,,0.1302
2.5221,8.5208,5.1632,0.1163,3.7111,0.0,1.0,1.0,0,,,0.1034
2.5957,8.5255,5.0981,0.0835,8.5829,0.0,1.0,1.0,0,,,0.0663
2.4827,8.5296,5.1991,0.1521,2.5736,0.0,1.0,1.0,0,,,0.1273
2.5693,8.5076,5.1533,0.0986,6.792,0.0,1.0,1.0,0,,,0.0758
2.5622,8.5435,4.8327,0.0996,5.3489,0.0,1.0,1.0,0,,,0.0841
2.5562,8.5299,5.1434,0.1127,4.5065,0.0,1.0,1.0,0,,,0.0944
2.4548,8.5141,4.677,0.16,2.0423,0.0,1.0,1.0,0,,,0.144
2.4982,8.5341,5.0448,0.1253,3.0865,0.0,1.0,1.0,0,,,0.1245
2.559,8.5411,4.7681,0.1202,4.9143,0.0,1.0,1.0,0,,,0.091
2.5827,8.4859,5.1649,0.0763,6.7413,0.0,1.0,1.0,0,,,0.0762
2.5003,8.5313,5.0254,0.1406,2.6817,0.0,1.0,1.0,0,,,0.1254
2.5196,10.5579,14.909,0.1582,4.2639,0.0,1.0,1.0,0,,,0.1238
2.4982,8.534,4.9774,0.1454,2.722,0.0,1.0,1.0,0,,,0.1298
2.4957,10.3334,10.4271,0.1741,3.1586,0.0,1.0,1.0,0,,,0.1421
2.5773,8.5204,5.2226,0.0808,6.5199,0.0,1.0,1.0,0,,,0.0775
2.4804,8.5253,4.6755,0.1542,2.3335,0.0,1.0,1.0,0,,,0.1369
2.5133,8.5347,5.1734,0.1437,3.4152,0.0,1.0,1.0,0,,,0.1121
2.5124,8.5868,5.1971,0.1457,2.8383,0.0,1.0,1.0,0,,,0.1231
2.4773,8.5511,4.8461,0.1522,2.2611,0.0,1.0,1.0,0,,,0.1364
2.6272,8.494,5.255,0.0562,14.5114,0.0,1.0,1.0,0,,,0.0501
2.5076,8.5526,4.9707,0.1552,2.9904,0.0,1.0,1.0,0,,,0.1225
2.6271,8.5091,5.2852,0.0526,14.3613,0.0,1.0,1.0,0,,,0.049
2.6243,8.4928,5.307,0.0568,14.1757,0.0,0.0,-999.25,0,,,0.0495
2.514,8.5868,5.2029,0.1539,3.279,0.0,1.0,1.0,0,,,0.1113
2.5641,8.5189,5.0528,0.0993,6.5683,0.0,1.0,1.0,0,,,0.0764
2.5383,8.5349,5.1358,0.1037,4.3916,0.0,1.0,1.0,0,,,0.0997
2.4844,10.3589,12.5584,0.2205,3.2606,0.0,1.0,1.0,0,,,0.1405
2.5178,8.5075,4.9093,0.1238,3.37,0.0011,0.6873,0.9999,0,,,0.1137
2.4449,8.5331,4.823,0.1744,1.9045,0.0,1.0,1.0,0,,,0.149
2.5305,10.2208,8.2553,0.1843,5.0338,0.0,1.0,1.0,0,,,0.111
2.5898,8.5219,5.2463,0.0826,7.2884,0.0,1.0,1.0,0,,,0.0736
2.5283,8.5617,4.7465,0.12,3.5087,0.0,1.0,1.0,0,,,0.1108
2.5062,8.5389,5.0881,0.1243,3.2461,0.0,1.0,1.0,0,,,0.1128
2.5113,8.5465,4.6571,0.1366,2.8228,0.0,1.0,1.0,0,,,0.126
2.5233,8.5512,4.602,0.1489,2.9088,0.0,1.0,1.0,0,,,0.1265
2.5849,8.5349,5.289,0.0709,7.8888,0.0,1.0,1.0,0,,,0.0695
2.6235,8.5125,5.2555,0.0621,12.161,0.0,1.0,1.0,0,,,0.0549
2.4601,8.555,4.8696,0.1658,2.1375,0.0,1.0,1.0,0,,,0.1397
2.5998,8.5234,5.1246,0.0748,8.5844,0.0,1.0,1.0,0,,,0.0669
2.4989,8.5445,4.7795,0.1418,2.6613,0.0,1.0,1.0,0,,,0.1306
2.4816,8.5906,5.1757,0.1404,2.4481,0.0,1.0,1.0,0,,,0.137
2.5462,8.5784,4.9364,0.1326,5.024,0.0,1.0,1.0,0,,,0.0869
2.5524,8.5508,4.5817,0.1099,5.0602,0.0,1.0,1.0,0,,,0.0873
2.6153,8.5267,5.2596,0.066,14.0523,0.0,1.0,1.0,0,,,0.0493
2.6175,8.5436,5.1624,0.067,12.1662,0.0,1.0,1.0,0,,,0.0541
2.5746,8.5393,5.0219,0.099,5.3849,0.0,1.0,1.0,0,,,0.0847
2.5886,8.4993,5.0649,0.0795,8.321,0.0,1.0,1.0,0,,,0.0672
2.5932,8.4887,5.0885,0.0657,8.7959,0.0,1.0,1.0,0,,,0.0664
2.6123,8.5273,5.2853,0.0667,13.5011,0.0,1.0,1.0,0,,,0.0513
2.5809,8.5026,5.2969,0.0837,6.6609,0.0,1.0,1.0,0,,,0.076
2.5338,8.5352,5.0844,0.1111,4.0884,0.0,1.0,1.0,0,,,0.1018
2.6457,8.5317,5.2727,0.058,26.1577,0.0,1.0,1.0,0,,,0.0351
2.5386,10.269,8.6925,0.1417,5.4579,0.0,1.0,1.0,0,,,0.1061
2.5808,10.6773,19.6845,0.1739,6.812,0.0,1.0,1.0,0,,,0.0927
2.5055,8.5258,5.1884,0.1182,3.0925,0.0,1.0,1.0,0,,,0.1197
2.5702,8.4926,4.9773,0.107,5.6011,0.0,1.0,1.0,0,,,0.087
2.5426,8.5123,5.0948,0.1201,4.1483,0.0,1.0,1.0,0,,,0.0999
2.5703,8.526,5.2953,0.0914,6.5963,0.0,1.0,1.0,0,,,0.0757
2.4959,8.5328,5.1975,0.1382,2.7022,0.0012,0.6747,0.9999,0,,,0.1322
2.4932,8.569,5.031,0.1462,2.769,0.0,1.0,1.0,0,,,0.1238
2.5511,8.5305,5.2314,0.11,4.1909,0.0,1.0,1.0,0,,,0.1
2.5293,8.499,4.7822,0.1112,4.1528,0.0,1.0,1.0,0,,,0.0971
2.5569,8.6076,5.36,0.1093,5.0346,0.0,1.0,1.0,0,,,0.0913
2.5824,8.5138,5.0704,0.0975,7.2712,0.0,1.0,1.0,0,,,0.0743
2.4512,8.5219,5.0996,0.1532,2.0758,0.0,1.0,1.0,0,,,0.1517
2.585,8.5167,5.0534,0.0906,8.7103,0.0,1.0,1.0,0,,,0.0654
2.5994,8.5241,5.3008,0.0705,8.4237,0.0,1.0,1.0,0,,,0.0662
2.4999,8.8821,5.9132,0.1402,3.8083,0.0,1.0,1.0,0,,,0.1311
2.5253,8.5353,5.104,0.1337,3.3499,0.0,1.0,1.0,0,,,0.1131
2.5268,8.5074,4.966,0.1174,3.6563,0.0,1.0,1.0,0,,,0.1071
2.6112,8.4891,5.0779,0.0624,10.2847,0.0,1.0,1.0,0,,,0.06
2.6102,8.5363,5.1777,0.0728,13.389,0.0,1.0,1.0,0,,,0.0507
2.6029,8.5022,5.3109,0.0604,9.8192,0.0,1.0,1.0,0,,,0.0611
2.4368,8.5166,5.1309,0.1599,2.2301,0.0,1.0,1.0,0,,,0.1625
2.5371,8.5209,4.6458,0.1087,4.651,0.0,1.0,1.0,0,,,0.0905
2.5943,8.5149,5.2357,0.0792,8.4582,0.0,1.0,1.0,0,,,0.066
2.5558,10.2341,8.054,0.1305,7.2511,0.0,1.0,1.0,0,,,0.09
2.59,8.5766,5.5927,0.081,7.0112,0.0,1.0,1.0,0,,,0.0756
2.4766,8.5449,4.829,0.1627,2.5976,0.0,1.0,1.0,0,,,0.1269
2.5772,8.53,5.114,0.0932,5.5574,0.0,1.0,1.0,0,,,0.0851
2.492,8.5317,4.895,0.1499,2.5929,0.0,1.0,1.0,0,,,0.1312
2.5852,8.5263,5.1909,0.0891,7.7897,0.0,1.0,1.0,0,,,0.069
2.5052,8.534,4.6678,0.1352,2.8501,0.0,1.0,1.0,0,,,0.1262
2.5374,8.5334,5.1162,0.1231,3.763,0.0,1.0,1.0,0,,,0.1108
2.5464,8.5213,4.7267,0.1203,4.136,0.0,1.0,1.0,0,,,0.0986
2.4787,8.5502,4.6844,0.1608,2.5194,0.0,1.0,1.0,0,,,0.1277
2.5504,8.524,5.3547,0.1022,4.814,0.0,1.0,1.0,0,,,0.0942
2.4573,8.537,5.0696,0.1454,2.1359,0.0,1.0,1.0,0,,,0.1483
2.5852,8.5134,5.1863,0.0803,6.5843,0.0,1.0,1.0,0,,,0.0773
2.6185,8.5316,5.3601,0.0663,10.5597,0.0,1.0,1.0,0,,,0.0586
2.5038,8.64,5.3325,0.1357,2.863,0.0,1.0,1.0,0,,,0.1268
2.6051,8.5026,5.2751,0.0662,9.1846,0.0,1.0,1.0,0,,,0.0635
2.4929,8.5803,4.9612,0.1558,2.7821,0.0,1.0,1.0,0,,,0.1216
2.5006,8.5225,4.6798,0.1419,2.9162,0.0,1.0,1.0,0,,,0.1183
2.5187,8.5631,4.9148,0.1543,2.8074,0.0,1.0,1.0,0,,,0.1282
2.5032,8.5667,5.1896,0.1357,2.599,0.0,1.0,1.0,0,,,0.1295
2.4939,8.5565,5.2061,0.1438,2.5375,0.0,1.0,1.0,0,,,0.1346
2.5627,8.5164,5.3054,0.0916,5.116,0.0,0.8978,1.0,0,,,0.0885
2.471,8.9586,6.4532,0.158,2.954,0.0,1.0,1.0,0,,,0.1466
2.5266,8.5754,4.9792,0.1315,3.6271,0.0,1.0,1.0,0,,,0.1062
2.5843,8.508,5.1567,0.0772,6.8673,0.0,1.0,1.0,0,,,0.0746
2.5959,8.5288,5.0221,0.0834,7.6317,0.0,1.0,1.0,0,,,0.0704
2.5727,8.558,5.0411,0.0925,5.502,0.0,1.0,1.0,0,,,0.0845
2.5136,8.6167,5.1314,0.1332,3.0617,0.0,1.0,1.0,0,,,0.1165
2.5147,8.5815,4.7674,0.1414,3.0093,0.0,1.0,1.0,0,,,0.1203
2.5582,8.5153,5.1044,0.0993,5.9888,0.0,1.0,1.0,0,,,0.0804
2.5847,8.5332,5.3061,0.0866,6.5002,0.0,1.0,1.0,0,,,0.0769
2.567,8.5281,5.0887,0.0992,5.2923,0.0,1.0,1.0,0,,,0.0848
2.5201,8.525,4.9228,0.1239,3.6713,0.0,1.0,1.0,0,,,0.1082
2.6036,8.5261,5.2399,0.0629,10.0915,0.0,1.0,1.0,0,,,0.0615
2.4668,8.5511,4.6167,0.173,2.386,0.0,1.0,1.0,0,,,0.1358
2.597,8.4702,5.1631,0.067,9.7768,0.0,1.0,1.0,0,,,0.0614
2.6367,8.5239,5.2808,0.0554,15.373,0.0,1.0,1.0,0,,,0.0471
2.5569,8.5731,5.0903,0.1031,5.4068,0.0,1.0,1.0,0,,,0.0842
2.6092,8.5109,5.2043,0.0574,11.7783,0.0,1.0,1.0,0,,,0.0566
2.5998,8.512,5.2442,0.0773,8.0781,0.0,1.0,1.0,0,,,0.0687
2.5124,10.207,8.2493,0.165,4.509,0.0,1.0,1.0,0,,,0.1193
2.5231,8.5507,4.6778,0.145,3.0886,0.0,1.0,1.0,0,,,0.1193
2.497,8.493,5.1515,0.134,2.882,0.0,1.0,1.0,0,,,0.1212
2.5932,8.5413,5.1762,0.0757,7.5924,0.0,1.0,1.0,0,,,0.0718
2.5583,8.5515,4.7354,0.1155,4.8073,0.0,1.0,1.0,0,,,0.0926
2.517,8.5704,5.3801,0.1133,3.301,0.0012,0.6563,0.9999,0,,,0.1133
2.5864,8.4994,5.1574,0.0707,8.6181,0.0,1.0,1.0,0,,,0.0665
2.6126,8.5282,5.0608,0.0545,12.6159,0.0,1.0,1.0,0,,,0.054
2.6015,8.4911,5.2464,0.0544,10.6854,0.0,1.0,1.0,0,,,0.0589
2.5846,8.5348,5.2456,0.0738,8.2759,0.0,1.0,1.0,0,,,0.0667
2.5003,8.5139,4.7023,0.1418,2.7071,0.0,1.0,1.0,0,,,0.1309
2.6275,8.5067,5.0884,0.0607,18.3443,0.0,1.0,1.0,0,,,0.0432
2.5902,8.5285,5.3007,0.0811,7.1539,0.0,1.0,1.0,0,,,0.0728
2.6113,8.5238,5.0985,0.0744,10.379,0.0,1.0,1.0,0,,,0.0591
2.5769,8.5232,5.301,0.086,5.9545,0.0,1.0,1.0,0,,,0.0815
2.6016,8.5311,5.1561,0.0757,8.2149,0.0,1.0,1.0,0,,,0.0679
2.4526,8.5512,5.1579,0.1589,2.0576,0.0,0.9804,1.0,0,,,0.1492
2.4692,8.5316,5.1478,0.1348,3.0161,0.0,1.0,1.0,0,,,0.1393
2.5254,8.5699,4.8415,0.118,3.5309,0.0,1.0,1.0,0,,,0.1105
2.5166,8.5169,5.0017,0.1359,3.1776,0.0,1.0,1.0,0,,,0.1184
2.5869,8.511,5.2594,0.0833,6.7163,0.0,1.0,1.0,0,,,0.0756
2.4345,8.5481,5.0175,0.169,1.799,0.0,1.0,1.0,0,,,0.1609
2.5511,8.5369,5.1447,0.0915,4.5873,0.0,1.0,1.0,0,,,0.0935
2.5321,8.5114,4.4006,0.1252,4.1361,0.0,1.0,1.0,0,,,0.0979
2.4721,8.554,5.391,0.1571,2.1063,0.0,1.0,1.0,0,,,0.1468
2.552,8.5057,4.9401,0.1149,4.2139,0.0,1.0,1.0,0,,,0.1039
2.4917,8.6045,5.7547,0.1353,2.6758,0.0064,0.453,0.9994,0,,,0.1307
2.5183,8.5508,4.944,0.1437,3.02,0.0,1.0,1.0,0,,,0.1226
2.5627,8.55,5.135,0.0939,5.9579,0.0,1.0,1.0,0,,,0.0817
2.5348,8.5392,4.4716,0.1128,4.0985,0.0,1.0,1.0,0,,,0.101
2.5675,8.5135,5.2287,0.1034,5.3919,0.0,1.0,1.0,0,,,0.0873
2.5342,8.4988,4.4453,0.1187,4.4997,0.0,1.0,1.0,0,,,0.0945
2.5882,8.5089,5.1568,0.0741,7.4011,0.0,1.0,1.0,0,,,0.0731
2.5737,8.4886,4.9971,0.0924,6.4407,0.0,1.0,1.0,0,,,0.0798
2.5159,8.5525,5.0123,0.1334,2.936,0.0,1.0,1.0,0,,,0.123
2.5809,8.517,5.0878,0.0943,8.0006,0.0,1.0,1.0,0,,,0.0689
2.5237,8.5235,5.0068,0.1123,3.5208,0.0,1.0,1.0,0,,,0.1096
2.4761,8.5785,5.1202,0.1497,2.4677,0.0,1.0,1.0,0,,,0.1349
2.6005,8.4807,5.2594,0.0564,10.5837,0.0,1.0,1.0,0,,,0.0595
2.5429,10.6424,18.1964,0.1738,4.49,0.0003,0.7876,1.0,0,,,0.118
2.5116,8.5521,5.359,0.1302,2.9458,0.0,1.0,1.0,0,,,0.124
2.5998,8.5091,5.156,0.0742,8.3455,0.0,1.0,1.0,0,,,0.0677
2.5854,8.5194,5.1417,0.0887,7.0364,0.0,1.0,1.0,0,,,0.0741
2.4845,8.5277,5.0362,0.1264,2.9392,0.0,1.0,1.0,0,,,0.1296
2.585,8.5399,5.3148,0.0808,7.9111,0.0,1.0,1.0,0,,,0.068
2.5631,8.5108,5.1576,0.0802,5.6948,0.0,1.0,1.0,0,,,0.0834
2.5789,8.5114,5.3894,0.0764,7.4441,0.0,1.0,1.0,0,,,0.0714
2.5445,10.6807,17.7986,0.1818,4.62,0.0,1.0,1.0,0,,,0.1168
2.5205,8.6365,5.2314,0.1268,3.2436,0.0,1.0,1.0,0,,,0.1183
2.6081,8.5272,5.225,0.0701,9.3328,0.0,1.0,1.0,0,,,0.0631
2.4745,10.3147,10.4949,0.1591,2.8974,0.0133,0.4073,0.9985,0,,,0.1491
2.5856,8.5176,5.3076,0.0845,7.2778,0.0,1.0,1.0,0,,,0.0734
2.487,8.5268,4.854,0.1449,2.4759,0.0,1.0,1.0,0,,,0.1367
2.5778,8.5319,5.079,0.0836,6.1828,0.0,1.0,1.0,0,,,0.0797
2.512,10.4471,12.2696,0.1682,3.9015,0.0,1.0,1.0,0,,,0.1288
2.5457,8.5321,4.9512,0.1069,4.6704,0.0,1.0,1.0,0,,,0.0911
2.5897,8.531,5.0879,0.0886,7.6266,0.0,1.0,1.0,0,,,0.07
2.4897,8.565,5.0949,0.1464,2.5002,0.0,1.0,1.0,0,,,0.1367
2.6038,8.515,5.2227,0.0683,8.9183,0.0,1.0,1.0,0,,,0.0657
2.4978,8.5593,5.1359,0.1482,2.492,0.0,1.0,1.0,0,,,0.1357
2.6209,8.5143,5.124,0.0603,15.5512,0.0,1.0,1.0,0,,,0.0477
2.5769,8.541,5.2404,0.0921,5.509,0.0,1.0,1.0,0,,,0.0847
2.6057,8.5374,5.3456,0.0801,8.4252,0.0,1.0,1.0,0,,,0.0685
2.4577,8.539,4.6517,0.1632,2.275,0.0,1.0,1.0,0,,,0.1388
2.5695,8.5153,4.6469,0.0984,6.4486,0.0,1.0,1.0,0,,,0.0772
2.5489,8.5081,4.9256,0.1089,4.37,0.0,1.0,1.0,0,,,0.1013
2.579,8.5552,5.1822,0.0905,5.889,0.0,1.0,1.0,0,,,0.0829
2.5642,8.5186,4.9429,0.1133,4.8961,0.0,1.0,1.0,0,,,0.0941
2.6031,8.5237,5.2791,0.0757,8.9346,0.0,1.0,1.0,0,,,0.0641
2.526,8.5536,4.6491,0.1209,3.441,0.0,1.0,1.0,0,,,0.112
2.4884,8.5341,5.0805,0.145,2.4172,0.0,1.0,1.0,0,,,0.135
2.5706,8.5013,5.1799,0.084,6.3255,0.0,1.0,1.0,0,,,0.0788
2.4952,8.54,4.9256,0.1471,2.73,0.0,0.9968,1.0,0,,,0.1288
2.5887,8.5198,5.0138,0.0819,6.8431,0.0,1.0,1.0,0,,,0.0752
2.6013,8.5285,5.2103,0.0662,8.7632,0.0,1.0,1.0,0,,,0.0653
